#
# A fatal error has been detected by the Java Runtime Environment:
#
#  SIGILL (0x4) at pc=0x0000758c60bccae0, pid=2141, tid=2142
#
# JRE version: Java(TM) SE Runtime Environment (21.0.8+12) (build 21.0.8+12-LTS-250)
# Java VM: Java HotSpot(TM) 64-Bit Server VM (21.0.8+12-LTS-250, mixed mode, sharing, tiered, compressed oops, compressed class ptrs, g1 gc, linux-amd64)
# Problematic frame:
# J 1136 c1 java.util.regex.Pattern.compile()V java.base@21.0.8 (537 bytes) @ 0x0000758c60bccae0 [0x0000758c60bcb100+0x00000000000019e0]
#
# Core dump will be written. Default location: Core dumps may be processed with "/usr/lib/systemd/systemd-coredump %P %u %g %s %t 9223372036854775808 %h" (or dumping to /home/johncarlo/Desktop/students_system/core.2141)
#
# If you would like to submit a bug report, please visit:
#   https://bugreport.java.com/bugreport/crash.jsp
#

---------------  S U M M A R Y ------------

Command Line: -Dapplication.home=/usr/lib/jvm/jdk-21.0.8-oracle-x64 --add-modules=ALL-DEFAULT -Xms8m -Djdk.module.main=jdk.compiler jdk.compiler/com.sun.tools.javac.Main -cp .:/home/johncarlo/jdbc/sql_driver/mysql-connector-j-9.6.0.jar main.java

Host: Intel(R) Core(TM)2 Duo CPU     E7500  @ 2.93GHz, 4 cores, 1G, Linux Mint 22.1 Xia
Time: Wed Apr  1 20:23:30 2026 PST elapsed time: 1.197081 seconds (0d 0h 0m 1s)

---------------  T H R E A D  ---------------

Current thread (0x0000758c780285a0):  JavaThread "main"             [_thread_in_Java, id=2142, stack(0x0000758c7e300000,0x0000758c7e400000) (1024K)]

Stack: [0x0000758c7e300000,0x0000758c7e400000],  sp=0x0000758c7e3fd9f0,  free space=1014k
Native frames: (J=compiled Java code, j=interpreted, Vv=VM code, C=native code)
J 1136 c1 java.util.regex.Pattern.compile()V java.base@21.0.8 (537 bytes) @ 0x0000758c60bccae0 [0x0000758c60bcb100+0x00000000000019e0]
j  java.util.regex.Pattern.<init>(Ljava/lang/String;I)V+108 java.base@21.0.8
j  java.util.regex.Pattern.compile(Ljava/lang/String;)Ljava/util/regex/Pattern;+6 java.base@21.0.8
j  java.util.regex.Pattern.matches(Ljava/lang/String;Ljava/lang/CharSequence;)Z+1 java.base@21.0.8
j  java.lang.String.matches(Ljava/lang/String;)Z+2 java.base@21.0.8
j  javax.tools.JavaFileManager$Location.isModuleOrientedLocation()Z+8 java.compiler@21.0.8
j  com.sun.tools.javac.file.JavacFileManager.checkNotModuleOrientedLocation(Ljavax/tools/JavaFileManager$Location;)V+6 jdk.compiler@21.0.8
j  com.sun.tools.javac.file.JavacFileManager.inferBinaryName(Ljavax/tools/JavaFileManager$Location;Ljavax/tools/JavaFileObject;)Ljava/lang/String;+2 jdk.compiler@21.0.8
j  com.sun.tools.javac.code.ClassFinder.fillIn(Lcom/sun/tools/javac/code/Symbol$PackageSymbol;Ljavax/tools/JavaFileManager$Location;Ljava/lang/Iterable;)V+96 jdk.compiler@21.0.8
j  com.sun.tools.javac.code.ClassFinder.scanModulePaths(Lcom/sun/tools/javac/code/Symbol$PackageSymbol;Lcom/sun/tools/javac/code/Symbol$ModuleSymbol;)V+236 jdk.compiler@21.0.8
j  com.sun.tools.javac.code.ClassFinder.fillIn(Lcom/sun/tools/javac/code/Symbol$PackageSymbol;)V+132 jdk.compiler@21.0.8
j  com.sun.tools.javac.code.ClassFinder.complete(Lcom/sun/tools/javac/code/Symbol;)V+129 jdk.compiler@21.0.8
j  com.sun.tools.javac.code.ClassFinder$$Lambda+0x0000758c040947a8.complete(Lcom/sun/tools/javac/code/Symbol;)V+5 jdk.compiler@21.0.8
J 832 c1 com.sun.tools.javac.code.Symbol.complete()V jdk.compiler@21.0.8 (30 bytes) @ 0x0000758c60b47dd4 [0x0000758c60b47c40+0x0000000000000194]
j  com.sun.tools.javac.code.Symbol$PackageSymbol.members()Lcom/sun/tools/javac/code/Scope$WriteableScope;+1 jdk.compiler@21.0.8
j  com.sun.tools.javac.comp.TypeEnter$ImportsPhase.importJavaLang(Lcom/sun/tools/javac/tree/JCTree$JCCompilationUnit;Lcom/sun/tools/javac/comp/Env;Lcom/sun/tools/javac/code/Scope$ImportFilter;)V+34 jdk.compiler@21.0.8
j  com.sun.tools.javac.comp.TypeEnter$ImportsPhase.resolveImports(Lcom/sun/tools/javac/tree/JCTree$JCCompilationUnit;Lcom/sun/tools/javac/comp/Env;)V+104 jdk.compiler@21.0.8
j  com.sun.tools.javac.comp.TypeEnter$ImportsPhase.runPhase(Lcom/sun/tools/javac/comp/Env;)V+35 jdk.compiler@21.0.8
j  com.sun.tools.javac.comp.TypeEnter$Phase.doCompleteEnvs(Lcom/sun/tools/javac/util/List;)V+101 jdk.compiler@21.0.8
j  com.sun.tools.javac.comp.TypeEnter$Phase.completeEnvs(Lcom/sun/tools/javac/util/List;)Lcom/sun/tools/javac/util/List;+29 jdk.compiler@21.0.8
j  com.sun.tools.javac.comp.TypeEnter.complete(Lcom/sun/tools/javac/code/Symbol;)V+85 jdk.compiler@21.0.8
J 832 c1 com.sun.tools.javac.code.Symbol.complete()V jdk.compiler@21.0.8 (30 bytes) @ 0x0000758c60b47dd4 [0x0000758c60b47c40+0x0000000000000194]
j  com.sun.tools.javac.code.Symbol$ClassSymbol.complete()V+6 jdk.compiler@21.0.8
j  com.sun.tools.javac.comp.Enter.complete(Lcom/sun/tools/javac/util/List;Lcom/sun/tools/javac/code/Symbol$ClassSymbol;)V+88 jdk.compiler@21.0.8
j  com.sun.tools.javac.comp.Enter.main(Lcom/sun/tools/javac/util/List;)V+3 jdk.compiler@21.0.8
j  com.sun.tools.javac.main.JavaCompiler.enterTrees(Lcom/sun/tools/javac/util/List;)Lcom/sun/tools/javac/util/List;+64 jdk.compiler@21.0.8
j  com.sun.tools.javac.main.JavaCompiler.compile(Ljava/util/Collection;Ljava/util/Collection;Ljava/lang/Iterable;Ljava/util/Collection;)V+281 jdk.compiler@21.0.8
j  com.sun.tools.javac.main.Main.compile([Ljava/lang/String;Lcom/sun/tools/javac/util/Context;)Lcom/sun/tools/javac/main/Main$Result;+622 jdk.compiler@21.0.8
j  com.sun.tools.javac.main.Main.compile([Ljava/lang/String;)Lcom/sun/tools/javac/main/Main$Result;+15 jdk.compiler@21.0.8
j  com.sun.tools.javac.Main.compile([Ljava/lang/String;)I+12 jdk.compiler@21.0.8
j  com.sun.tools.javac.Main.main([Ljava/lang/String;)V+1 jdk.compiler@21.0.8
v  ~StubRoutines::call_stub 0x0000758c67f38cc4
V  [libjvm.so+0x8eefca]  JavaCalls::call_helper(JavaValue*, methodHandle const&, JavaCallArguments*, JavaThread*)+0x2da
V  [libjvm.so+0x9948bd]  jni_invoke_static(JNIEnv_*, JavaValue*, _jobject*, JNICallType, _jmethodID*, JNI_ArgumentPusher*, JavaThread*) [clone .constprop.1]+0x36d
V  [libjvm.so+0x99717b]  jni_CallStaticVoidMethod+0x12b
C  [libjli.so+0x5206]  JavaMain+0xfb6
C  [libjli.so+0x7e79]  ThreadJavaMain+0x9
C  [libc.so.6+0x9ca94]

siginfo: si_signo: 4 (SIGILL), si_code: 2 (ILL_ILLOPN), si_addr: 0x0000758c60bccae0

Registers:
RAX=0x00000000fff00948, RBX=0x00000000fff008c0, RCX=0x0000000000000000, RDX=0x0000758c0405f740
RSP=0x0000758c7e3fd9f0, RBP=0x0000758c7e3fdb28, RSI=0x0000758bf81d8098, RDI=0x00000000fff00960
R8 =0x00000000fff00768, R9 =0x0000000000000009, R10=0x0000758c03000000, R11=0x0000758c60a3a560
R12=0x0000000000000000, R13=0x0000758c60bcbd8c, R14=0x0000758c7e3fd9e8, R15=0x0000758c780285a0
RIP=0x0000758c60bccae0, EFLAGS=0x0000000000010206, CSGSFS=0x002b000000000033, ERR=0x0000000000000000
  TRAPNO=0x0000000000000006


Register to memory mapping:

RAX=0x00000000fff00948 is an oop: java.util.regex.Pattern$TreeInfo 
{0x00000000fff00948} - klass: 'java/util/regex/Pattern$TreeInfo'
 - ---- fields (total size 3 words):
 - 'minLength' 'I' @12  0 (0x00000000)
 - 'maxLength' 'I' @16  0 (0x00000000)
 - 'maxValid' 'Z' @20  true (0x01)
 - 'deterministic' 'Z' @21  true (0x01)
RBX=0x00000000fff008c0 is an oop: java.util.regex.Pattern$Bound 
{0x00000000fff008c0} - klass: 'java/util/regex/Pattern$Bound'
 - ---- fields (total size 3 words):
 - 'next' 'Ljava/util/regex/Pattern$Node;' @12  a 'java/util/regex/Pattern$Slice'{0x00000000fff00900} (0xfff00900)
 - 'type' 'I' @16  3 (0x00000003)
 - 'useUWORD' 'Z' @20  false (0x00)
RCX=0x0 is null
RDX=0x0000758c0405f740 is a pointer to class: 
java.util.regex.Pattern$Bound {0x0000758c0405f740}
 - instance size:     3
 - klass size:        66
 - access:            final synchronized 
 - flags:             rewritten has_nonstatic_fields has_localvariable_table 
 - state:             fully_initialized
 - name:              'java/util/regex/Pattern$Bound'
 - super:             'java/util/regex/Pattern$Node'
 - sub:               
 - arrays:            null
 - methods:           Array<T>(0x0000758bf815f3c8)
 - method ordering:   Array<T>(0x0000758c03b438a8)
 - local interfaces:  Array<T>(0x0000758c03620d68)
 - trans. interfaces: Array<T>(0x0000758c03620d68)
 - constants:         constant pool [131] {0x0000758bf815ef18} for 'java/util/regex/Pattern$Bound' cache=0x0000758bf815fa10
 - class loader data:  loader data: 0x0000758c78075fa0 of 'bootstrap'
 - source file:       'Pattern.java'
 - inner classes:     Array<T>(0x0000758bf815f9a8)
 - nest members:     Array<T>(0x0000758c03620cf0)
 - permitted subclasses:     Array<T>(0x0000758c03620cf0)
 - java mirror:       a 'java/lang/Class'{0x00000000e17f4118} = 'java/util/regex/Pattern$Bound'
 - vtable length      7  (start addr: 0x0000758c0405f900)
 - itable length      2 (start addr: 0x0000758c0405f938)
 - ---- static fields (2 words):
 - static 'LEFT' 'I' @112 
 - static 'RIGHT' 'I' @116 
 - static 'BOTH' 'I' @120 
 - static 'NONE' 'I' @124 
 - ---- non-static fields (3 words):
 - 'next' 'Ljava/util/regex/Pattern$Node;' @12 
 - 'type' 'I' @16 
 - 'useUWORD' 'Z' @20 
 - non-static oop maps: 12-12 
RSP=0x0000758c7e3fd9f0 is pointing into the stack for thread: 0x0000758c780285a0
RBP=0x0000758c7e3fdb28 is pointing into the stack for thread: 0x0000758c780285a0
RSI=0x0000758bf81d8098 is pointing into metadata
RDI=0x00000000fff00960 is an oop: [Ljava.nio.file.LinkOption; 
{0x00000000fff00960} - klass: 'java/nio/file/LinkOption'[]
 - length: 0
R8 =0x00000000fff00768 is an oop: [I 
{0x00000000fff00768} - klass: {type array int}
 - length: 12
R9 =0x0000000000000009 is an unknown value
R10=0x0000758c03000000 is pointing into metadata
R11=0x0000758c60a3a560 is at entry_point+32 in (nmethod*)0x0000758c60a3a390
Compiled method (c1)    1339  224       3       java.util.regex.Pattern::peek (26 bytes)
 total in heap  [0x0000758c60a3a390,0x0000758c60a3a888] = 1272
 relocation     [0x0000758c60a3a4e8,0x0000758c60a3a538] = 80
 main code      [0x0000758c60a3a540,0x0000758c60a3a760] = 544
 stub code      [0x0000758c60a3a760,0x0000758c60a3a7a0] = 64
 metadata       [0x0000758c60a3a7a0,0x0000758c60a3a7b0] = 16
 scopes data    [0x0000758c60a3a7b0,0x0000758c60a3a7e8] = 56
 scopes pcs     [0x0000758c60a3a7e8,0x0000758c60a3a868] = 128
 dependencies   [0x0000758c60a3a868,0x0000758c60a3a870] = 8
 nul chk table  [0x0000758c60a3a870,0x0000758c60a3a888] = 24
R12=0x0 is null
R13=0x0000758c60bcbd8c is at entry_point+3212 in (nmethod*)0x0000758c60bcac10
Compiled method (c1)    1339 1136       3       java.util.regex.Pattern::compile (537 bytes)
 total in heap  [0x0000758c60bcac10,0x0000758c60bcea80] = 15984
 relocation     [0x0000758c60bcad68,0x0000758c60bcb0e8] = 896
 main code      [0x0000758c60bcb100,0x0000758c60bcde68] = 11624
 stub code      [0x0000758c60bcde68,0x0000758c60bcdf80] = 280
 metadata       [0x0000758c60bcdf80,0x0000758c60bcdff8] = 120
 scopes data    [0x0000758c60bcdff8,0x0000758c60bce458] = 1120
 scopes pcs     [0x0000758c60bce458,0x0000758c60bce9d8] = 1408
 dependencies   [0x0000758c60bce9d8,0x0000758c60bce9e0] = 8
 nul chk table  [0x0000758c60bce9e0,0x0000758c60bcea80] = 160
R14=0x0000758c7e3fd9e8 is pointing into the stack for thread: 0x0000758c780285a0
R15=0x0000758c780285a0 is a thread

Top of Stack: (sp=0x0000758c7e3fd9f0)
0x0000758c7e3fd9f0:   00000000fff00930 0000758c60af9244
0x0000758c7e3fda00:   00000000fff003e0 0000758c7e894e00
0x0000758c7e3fda10:   0000758c7e3fdbd8 0000758c780285a0
0x0000758c7e3fda20:   0000000000000000 0000000000031652
0x0000758c7e3fda30:   0000758c7e3fddc8 0000758c60a3949a
0x0000758c7e3fda40:   0000758c7e3fdab0 0000758c67f40180
0x0000758c7e3fda50:   0000758c67f40180 00000000fff004a8
0x0000758c7e3fda60:   00000000fff00710 000000090000000a
0x0000758c7e3fda70:   00000000fff00870 0000000000000002
0x0000758c7e3fda80:   0000758bf8674578 0000000000000000
0x0000758c7e3fda90:   0000758c7e3fde30 0000758c60a3949a
0x0000758c7e3fdaa0:   00000000fff00930 0000758c7e3fdac0
0x0000758c7e3fdab0:   0000758c7e3fdb10 0000758c67f402f2
0x0000758c7e3fdac0:   0000758c7e3fdb28 0000758c67f40180
0x0000758c7e3fdad0:   0000758c67f40180 00000000fff00710
0x0000758c7e3fdae0:   0000758c7e3fdae0 0000758c03756f64
0x0000758c7e3fdaf0:   0000000000000005 0000758c030ca630
0x0000758c7e3fdb00:   0000758bf81dd9a8 00000000ffe89320
0x0000758c7e3fdb10:   0000758c030cd150 0000758c7e3fdad8
0x0000758c7e3fdb20:   0000758c7e3fdb40 0000758c7e3fdba8
0x0000758c7e3fdb30:   0000758c67f40180 0000000000000000
0x0000758c7e3fdb40:   0000000000000000 00000000e181d470
0x0000758c7e3fdb50:   00000000fff00710 00000000fff00710
0x0000758c7e3fdb60:   0000758c7e3fdb60 0000758c0375728e
0x0000758c7e3fdb70:   0000000000000002 0000758c030ca630
0x0000758c7e3fdb80:   0000758bf81dd690 00000000ffe89320
0x0000758c7e3fdb90:   0000758c030cd360 0000758c7e3fdb40
0x0000758c7e3fdba0:   0000758c7e3fdbb8 0000758c7e3fdc08
0x0000758c7e3fdbb0:   0000758c67f402f2 00000000e181d470
0x0000758c7e3fdbc0:   0000758c7e3fdbc0 0000758c03757201
0x0000758c7e3fdbd0:   0000000000000005 0000758c030ca630
0x0000758c7e3fdbe0:   0000000000000000 00000000ffe89320 

Instructions: (pc=0x0000758c60bccae0)
0x0000758c60bcc9e0:   1f 00 85 f6 0f 84 19 12 00 00 48 8b d0 48 be 70
0x0000758c60bcc9f0:   82 1d f8 8b 75 00 00 48 83 86 38 01 00 00 01 48
0x0000758c60bcca00:   ba 20 9e 00 f8 8b 75 00 00 8b b2 f4 00 00 00 83
0x0000758c60bcca10:   c6 02 89 b2 f4 00 00 00 81 e6 fe ff 1f 00 85 f6
0x0000758c60bcca20:   0f 84 fe 11 00 00 48 8b d0 48 be 70 82 1d f8 8b
0x0000758c60bcca30:   75 00 00 48 83 86 48 01 00 00 01 48 ba 30 84 1d
0x0000758c60bcca40:   f8 8b 75 00 00 8b b2 f4 00 00 00 83 c6 02 89 b2
0x0000758c60bcca50:   f4 00 00 00 81 e6 fe ff 1f 00 85 f6 0f 84 e3 11
0x0000758c60bcca60:   00 00 c6 40 14 01 c6 40 15 01 48 3b 03 48 8b d3
0x0000758c60bcca70:   48 be 98 80 1d f8 8b 75 00 00 8b 52 08 49 ba 00
0x0000758c60bcca80:   00 00 03 8c 75 00 00 49 03 d2 48 3b 96 68 01 00
0x0000758c60bcca90:   00 75 0d 48 83 86 70 01 00 00 01 e9 60 00 00 00
0x0000758c60bccaa0:   48 3b 96 78 01 00 00 75 0d 48 83 86 80 01 00 00
0x0000758c60bccab0:   01 e9 4a 00 00 00 48 83 be 68 01 00 00 00 75 17
0x0000758c60bccac0:   48 89 96 68 01 00 00 48 c7 86 70 01 00 00 01 00
0x0000758c60bccad0:   00 00 e9 29 00 00 00 48 83 be 78 01 00 00 00 75
0x0000758c60bccae0:   17 48 89 96 78 01 00 00 48 c7 86 80 01 00 00 01
0x0000758c60bccaf0:   00 00 00 e9 08 00 00 00 48 83 86 58 01 00 00 01
0x0000758c60bccb00:   48 8b d0 48 8b f3 48 89 84 24 a8 00 00 00 0f 1f
0x0000758c60bccb10:   80 00 00 00 00 48 b8 40 f7 05 04 8c 75 00 00 e8
0x0000758c60bccb20:   1c e7 f2 ff 0f 1f 84 00 14 1f 00 0b 48 8b 84 24
0x0000758c60bccb30:   a8 00 00 00 8b 70 0c 48 8b 84 24 b0 00 00 00 89
0x0000758c60bccb40:   70 10 48 8b 74 24 70 41 0f be 7f 40 85 ff 0f 85
0x0000758c60bccb50:   17 11 00 00 4c 8b d0 44 89 56 34 48 8b fe 48 33
0x0000758c60bccb60:   f8 48 c1 ef 14 48 83 ff 00 0f 85 17 11 00 00 0f
0x0000758c60bccb70:   be 7e 29 85 ff 48 bf 38 a1 1d f8 8b 75 00 00 48
0x0000758c60bccb80:   bb f0 07 00 00 00 00 00 00 75 0a 48 bb 00 08 00
0x0000758c60bccb90:   00 00 00 00 00 48 8b 04 1f 48 8d 40 01 48 89 04
0x0000758c60bccba0:   1f 0f 85 50 08 00 00 8b 7e 4c 48 3b 07 48 8b df
0x0000758c60bccbb0:   48 b8 38 a1 1d f8 8b 75 00 00 8b 5b 08 49 ba 00
0x0000758c60bccbc0:   00 00 03 8c 75 00 00 49 03 da 48 3b 98 20 08 00
0x0000758c60bccbd0:   00 75 0d 48 83 80 28 08 00 00 01 e9 60 00 00 00 


Stack slot to memory mapping:

stack at sp + 0 slots: 0x00000000fff00930 is an oop: java.util.regex.Pattern$Start 
{0x00000000fff00930} - klass: 'java/util/regex/Pattern$Start'
 - ---- fields (total size 3 words):
 - 'next' 'Ljava/util/regex/Pattern$Node;' @12  a 'java/util/regex/Pattern$Bound'{0x00000000fff008c0} (0xfff008c0)
 - 'minLength' 'I' @16  0 (0x00000000)
stack at sp + 1 slots: 0x0000758c60af9244 is at entry_point+836 in (nmethod*)0x0000758c60af8d10
Compiled method (c1)    1343  678   !   3       com.sun.tools.javac.util.Name::append (68 bytes)
 total in heap  [0x0000758c60af8d10,0x0000758c60af9678] = 2408
 relocation     [0x0000758c60af8e68,0x0000758c60af8ef8] = 144
 main code      [0x0000758c60af8f00,0x0000758c60af93d0] = 1232
 stub code      [0x0000758c60af93d0,0x0000758c60af9440] = 112
 oops           [0x0000758c60af9440,0x0000758c60af9448] = 8
 metadata       [0x0000758c60af9448,0x0000758c60af9498] = 80
 scopes data    [0x0000758c60af9498,0x0000758c60af9530] = 152
 scopes pcs     [0x0000758c60af9530,0x0000758c60af9610] = 224
 dependencies   [0x0000758c60af9610,0x0000758c60af9628] = 24
 handler table  [0x0000758c60af9628,0x0000758c60af9658] = 48
 nul chk table  [0x0000758c60af9658,0x0000758c60af9678] = 32
stack at sp + 2 slots: 0x00000000fff003e0 is an oop: com.sun.tools.javac.code.Type$ClassType 
{0x00000000fff003e0} - klass: 'com/sun/tools/javac/code/Type$ClassType'
 - ---- fields (total size 6 words):
 - protected final 'metadata' 'Lcom/sun/tools/javac/util/List;' @12  a 'com/sun/tools/javac/util/List$1'{0x00000000e1614ec0} (0xe1614ec0)
 - public 'tsym' 'Lcom/sun/tools/javac/code/Symbol$TypeSymbol;' @16  a 'com/sun/tools/javac/code/Symbol$ClassSymbol'{0x00000000fff00388} (0xfff00388)
 - 'rank_field' 'I' @20  -1 (0xffffffff)
 - private 'outer_field' 'Lcom/sun/tools/javac/code/Type;' @24  a 'com/sun/tools/javac/code/Type$1'{0x00000000e16edd58} (0xe16edd58)
 - public 'typarams_field' 'Lcom/sun/tools/javac/util/List;' @28  null (0x00000000)
 - public 'allparams_field' 'Lcom/sun/tools/javac/util/List;' @32  null (0x00000000)
 - public 'supertype_field' 'Lcom/sun/tools/javac/code/Type;' @36  null (0x00000000)
 - public 'interfaces_field' 'Lcom/sun/tools/javac/util/List;' @40  null (0x00000000)
 - public 'all_interfaces_field' 'Lcom/sun/tools/javac/util/List;' @44  null (0x00000000)
stack at sp + 3 slots: 0x0000758c7e894e00: <offset 0x0000000000494e00> in /usr/lib/jvm/jdk-21.0.8-oracle-x64/lib/server/libjvm.so at 0x0000758c7e400000
stack at sp + 4 slots: 0x0000758c7e3fdbd8 is pointing into the stack for thread: 0x0000758c780285a0
stack at sp + 5 slots: 0x0000758c780285a0 is a thread
stack at sp + 6 slots: 0x0 is null
stack at sp + 7 slots: 0x0000000000031652 is an unknown value


Compiled method (c1)    1344 1136       3       java.util.regex.Pattern::compile (537 bytes)
 total in heap  [0x0000758c60bcac10,0x0000758c60bcea80] = 15984
 relocation     [0x0000758c60bcad68,0x0000758c60bcb0e8] = 896
 main code      [0x0000758c60bcb100,0x0000758c60bcde68] = 11624
 stub code      [0x0000758c60bcde68,0x0000758c60bcdf80] = 280
 metadata       [0x0000758c60bcdf80,0x0000758c60bcdff8] = 120
 scopes data    [0x0000758c60bcdff8,0x0000758c60bce458] = 1120
 scopes pcs     [0x0000758c60bce458,0x0000758c60bce9d8] = 1408
 dependencies   [0x0000758c60bce9d8,0x0000758c60bce9e0] = 8
 nul chk table  [0x0000758c60bce9e0,0x0000758c60bcea80] = 160

[Constant Pool (empty)]

[MachCode]
[Entry Point]
  # {method} {0x0000758c030cd3b8} 'compile' '()V' in 'java/util/regex/Pattern'
  #           [sp+0xe0]  (sp of caller)
  0x0000758c60bcb100: 448b 5608 | 49bb 0000 | 0003 8c75 | 0000 4d03 | d34c 3bd0 

  0x0000758c60bcb114: ;   {runtime_call ic_miss_stub}
  0x0000758c60bcb114: 0f85 66af | 3b07 660f | 1f44 0000 
[Verified Entry Point]
  0x0000758c60bcb120: 8984 2400 | c0fe ff55 | 4881 ecd0 | 0000 0090 | 4181 7f20 | 0300 0000 

  0x0000758c60bcb138: ;   {runtime_call StubRoutines (final stubs)}
  0x0000758c60bcb138: 7405 e801 | 123a 0748 | 8974 2470 

  0x0000758c60bcb144: ;   {metadata(method data for {method} {0x0000758c030cd3b8} 'compile' '()V' in 'java/util/regex/Pattern')}
  0x0000758c60bcb144: 48bf 38a1 | 1df8 8b75 | 0000 8b9f | f400 0000 | 83c3 0289 | 9ff4 0000 | 0081 e3fe | 0700 0085 
  0x0000758c60bcb164: db0f 84b1 | 2300 0048 

  0x0000758c60bcb16c: ;   {metadata(method data for {method} {0x0000758c030cd3b8} 'compile' '()V' in 'java/util/regex/Pattern')}
  0x0000758c60bcb16c: 8bfe 48bb | 38a1 1df8 | 8b75 0000 | 4883 8338 | 0100 0001 

  0x0000758c60bcb180: ;   {metadata(method data for {method} {0x0000758c030ce388} 'has' '(I)Z' in 'java/util/regex/Pattern')}
  0x0000758c60bcb180: 48bf e8de | 04f8 8b75 | 0000 8b9f | f400 0000 | 83c3 0289 | 9ff4 0000 | 0081 e3fe | ff1f 0085 
  0x0000758c60bcb1a0: db0f 8496 | 2300 008b | 7e10 488b | df81 e380 | 0000 0085 

  0x0000758c60bcb1b4: ;   {metadata(method data for {method} {0x0000758c030ce388} 'has' '(I)Z' in 'java/util/regex/Pattern')}
  0x0000758c60bcb1b4: db48 bbe8 | de04 f88b | 7500 0048 | b838 0100 | 0000 0000 | 0074 0a48 | b848 0100 | 0000 0000 
  0x0000758c60bcb1d4: 0048 8b14 | 0348 8d52 | 0148 8914 | 030f 841a 

  0x0000758c60bcb1e4: ;   {metadata(method data for {method} {0x0000758c030ce388} 'has' '(I)Z' in 'java/util/regex/Pattern')}
  0x0000758c60bcb1e4: 0000 0048 | bbe8 de04 | f88b 7500 | 00ff 8358 | 0100 00bb | 0100 0000 | e905 0000 | 00bb 0000 
  0x0000758c60bcb204: 0000 83e3 

  0x0000758c60bcb208: ;   {metadata(method data for {method} {0x0000758c030cd3b8} 'compile' '()V' in 'java/util/regex/Pattern')}
  0x0000758c60bcb208: 0185 db48 | bb38 a11d | f88b 7500 | 0048 b870 | 0100 0000 | 0000 0074 | 0a48 b880 | 0100 0000 
  0x0000758c60bcb228: 0000 0048 | 8b14 0348 | 8d52 0148 | 8914 030f | 84c8 0000 | 0048 8bde 

  0x0000758c60bcb240: ;   {metadata(method data for {method} {0x0000758c030cd3b8} 'compile' '()V' in 'java/util/regex/Pattern')}
  0x0000758c60bcb240: 48b8 38a1 | 1df8 8b75 | 0000 4883 | 8090 0100 

  0x0000758c60bcb250: ;   {metadata(method data for {method} {0x0000758c030ce388} 'has' '(I)Z' in 'java/util/regex/Pattern')}
  0x0000758c60bcb250: 0001 48bb | e8de 04f8 | 8b75 0000 | 8b83 f400 | 0000 83c0 | 0289 83f4 | 0000 0025 | feff 1f00 
  0x0000758c60bcb270: 85c0 0f84 | e622 0000 | 83e7 1085 

  0x0000758c60bcb27c: ;   {metadata(method data for {method} {0x0000758c030ce388} 'has' '(I)Z' in 'java/util/regex/Pattern')}
  0x0000758c60bcb27c: ff48 bfe8 | de04 f88b | 7500 0048 | bb38 0100 | 0000 0000 | 0074 0a48 | bb48 0100 | 0000 0000 
  0x0000758c60bcb29c: 0048 8b04 | 1f48 8d40 | 0148 8904 | 1f0f 841a 

  0x0000758c60bcb2ac: ;   {metadata(method data for {method} {0x0000758c030ce388} 'has' '(I)Z' in 'java/util/regex/Pattern')}
  0x0000758c60bcb2ac: 0000 0048 | bfe8 de04 | f88b 7500 | 00ff 8758 | 0100 00bf | 0100 0000 | e905 0000 | 00bf 0000 
  0x0000758c60bcb2cc: 0000 83e7 

  0x0000758c60bcb2d0: ;   {metadata(method data for {method} {0x0000758c030cd3b8} 'compile' '()V' in 'java/util/regex/Pattern')}
  0x0000758c60bcb2d0: 0185 ff48 | bf38 a11d | f88b 7500 | 0048 bbd8 | 0100 0000 | 0000 0074 | 0a48 bbc8 | 0100 0000 
  0x0000758c60bcb2f0: 0000 0048 | 8b04 1f48 | 8d40 0148 | 8904 1f0f | 8430 0000 | 008b 7e2c | 410f be5f | 4085 db0f 
  0x0000758c60bcb310: 856a 2200 | 004c 8bd7 | 4489 5630 | 488b de48 | 33df 48c1 | eb14 4883 | fb00 0f85 | 6a22 0000 
  0x0000758c60bcb330: e964 0000 | 008b 7e2c 

  0x0000758c60bcb338: ;   {metadata(method data for {method} {0x0000758c030cd3b8} 'compile' '()V' in 'java/util/regex/Pattern')}
  0x0000758c60bcb338: 48bb 38a1 | 1df8 8b75 | 0000 4883 | 83e8 0100 | 0001 488b 

  0x0000758c60bcb34c: ;   {static_call}
  0x0000758c60bcb34c: f766 90e8 

  0x0000758c60bcb350: ; ImmutableOopMap {[112]=Oop }
                      ;*invokestatic normalize {reexecute=0 rethrow=0 return_oop=0}
                      ; - java.util.regex.Pattern::compile@24 (line 1907)
  0x0000758c60bcb350: 2cb6 3b07 

  0x0000758c60bcb354: ;   {other}
  0x0000758c60bcb354: 0f1f 8400 | 4407 0000 | 410f be4f | 4085 c948 | 8b74 2470 | 0f85 4422 | 0000 4c8b | d044 8956 
  0x0000758c60bcb374: 3048 8bce | 4833 c848 | c1e9 1448 | 83f9 000f | 8544 2200 

  0x0000758c60bcb388: ;   {metadata(method data for {method} {0x0000758c030cd3b8} 'compile' '()V' in 'java/util/regex/Pattern')}
  0x0000758c60bcb388: 0048 b938 | a11d f88b | 7500 00ff | 81f8 0100 | 008b 4e30 

  0x0000758c60bcb39c: ; implicit exception: dispatches to 0x0000758c60bcd5e5
  0x0000758c60bcb39c: 483b 0148 

  0x0000758c60bcb3a0: ;   {metadata(method data for {method} {0x0000758c030cd3b8} 'compile' '()V' in 'java/util/regex/Pattern')}
  0x0000758c60bcb3a0: 8bd9 48ba | 38a1 1df8 | 8b75 0000 | 4883 8210 | 0200 0001 

  0x0000758c60bcb3b4: ;   {metadata(method data for {method} {0x0000758c0300ed30} 'length' '()I' in 'java/lang/String')}
  0x0000758c60bcb3b4: 48bb d0ea | 00f8 8b75 | 0000 8b93 | f400 0000 | 83c2 0289 | 93f4 0000 | 0081 e2fe | ff1f 0085 
  0x0000758c60bcb3d4: d20f 840f | 2200 008b | 5914 8b5b | 0c48 8bd1 

  0x0000758c60bcb3e4: ;   {metadata(method data for {method} {0x0000758c0300ed30} 'length' '()I' in 'java/lang/String')}
  0x0000758c60bcb3e4: 48bf d0ea | 00f8 8b75 | 0000 4883 | 8738 0100 

  0x0000758c60bcb3f4: ;   {metadata(method data for {method} {0x0000758c03459d98} 'coder' '()B' in 'java/lang/String')}
  0x0000758c60bcb3f4: 0001 48ba | 30e9 00f8 | 8b75 0000 | 8bba f400 | 0000 83c7 | 0289 baf4 | 0000 0081 | e7fe ff1f 
  0x0000758c60bcb414: 0085 ff0f | 84f3 2100 

  0x0000758c60bcb41c: ;   {metadata(method data for {method} {0x0000758c03459d98} 'coder' '()B' in 'java/lang/String')}
  0x0000758c60bcb41c: 0048 ba30 | e900 f88b | 7500 00ff | 8248 0100 | 000f be49 

  0x0000758c60bcb430: ;   {metadata(method data for {method} {0x0000758c03459d98} 'coder' '()B' in 'java/lang/String')}
  0x0000758c60bcb430: 1048 ba30 | e900 f88b | 7500 00ff | 8258 0100 | 00c1 e118 | c1f9 18d3 | fb89 5e24 

  0x0000758c60bcb44c: ;   {metadata({type array int})}
  0x0000758c60bcb44c: 83c3 0248 | ba38 2600 | 038c 7500 | 004c 8bc6 | 4863 db48 | 8bfb 4881 | fbff ffff | 000f 87c2 
  0x0000758c60bcb46c: 2100 0048 | be17 0000 | 0000 0000 | 0048 8d34 | 9e48 83e6 | f849 8b87 | b801 0000 | 488d 3430 
  0x0000758c60bcb48c: 493b b7c8 | 0100 000f | 8798 2100 | 0049 89b7 | b801 0000 | 482b f048 | c700 0100 | 0000 488b 
  0x0000758c60bcb4ac: ca49 ba00 | 0000 038c | 7500 0049 | 2bca 8948 | 0889 580c | 4883 ee10 | 4885 f60f | 8411 0000 
  0x0000758c60bcb4cc: 0048 33db | 48c1 ee03 | 4889 5cf0 | 0848 ffce | 75f6 410f | be57 4085 | d20f 8550 | 2100 004c 
  0x0000758c60bcb4ec: 8bd0 4589 | 5050 498b | f048 33f0 | 48c1 ee14 | 4883 fe00 | 0f85 5121 | 0000 41c6 | 402a 00bf 
  0x0000758c60bcb50c: 0000 0000 | bb00 0000 | 0089 5c24 | 780f 1f80 | 0000 0000 | 418b 5024 

  0x0000758c60bcb524: ;   {metadata(method data for {method} {0x0000758c030cd3b8} 'compile' '()V' in 'java/util/regex/Pattern')}
  0x0000758c60bcb524: 3bfa 48ba | 38a1 1df8 | 8b75 0000 | 48be 4802 | 0000 0000 | 0000 7d0a | 48be 5802 | 0000 0000 
  0x0000758c60bcb544: 0000 488b | 0432 488d | 4001 4889 | 0432 0f8d | 1703 0000 | 418b 7030 

  0x0000758c60bcb55c: ; implicit exception: dispatches to 0x0000758c60bcd66f
  0x0000758c60bcb55c: 483b 0648 

  0x0000758c60bcb560: ;   {metadata(method data for {method} {0x0000758c030cd3b8} 'compile' '()V' in 'java/util/regex/Pattern')}
  0x0000758c60bcb560: 8bd6 48b8 | 38a1 1df8 | 8b75 0000 | 4883 8068 | 0200 0001 | 488b d789 | 7c24 7c0f 

  0x0000758c60bcb57c: ;   {optimized virtual_call}
  0x0000758c60bcb57c: 1f40 00e8 

  0x0000758c60bcb580: ; ImmutableOopMap {[112]=Oop }
                      ;*invokevirtual codePointAt {reexecute=0 rethrow=0 return_oop=0}
                      ; - java.util.regex.Pattern::compile@86 (line 1921)
  0x0000758c60bcb580: 1c77 eaff 

  0x0000758c60bcb584: ;   {other}
  0x0000758c60bcb584: 0f1f 8400 | 7409 0001 

  0x0000758c60bcb58c: ;   {metadata(method data for {method} {0x0000758c030cd3b8} 'compile' '()V' in 'java/util/regex/Pattern')}
  0x0000758c60bcb58c: 48be 38a1 | 1df8 8b75 | 0000 4883 | 86a0 0200 

  0x0000758c60bcb59c: ;   {metadata(method data for {method} {0x0000758c030ce3e0} 'isSupplementary' '(I)Z' in 'java/util/regex/Pattern')}
  0x0000758c60bcb59c: 0001 48be | 2018 09f8 | 8b75 0000 | 8bbe f400 | 0000 83c7 | 0289 bef4 | 0000 0081 | e7fe ff1f 
  0x0000758c60bcb5bc: 0085 ff0f | 84af 2000 | 003d 0000 

  0x0000758c60bcb5c8: ;   {metadata(method data for {method} {0x0000758c030ce3e0} 'isSupplementary' '(I)Z' in 'java/util/regex/Pattern')}
  0x0000758c60bcb5c8: 0100 48be | 2018 09f8 | 8b75 0000 | 48bf 3801 | 0000 0000 | 0000 7d0a | 48bf 4801 | 0000 0000 
  0x0000758c60bcb5e8: 0000 488b | 1c3e 488d | 5b01 4889 | 1c3e 0f8d | 0801 0000 | 488b f081 | e6ff ff00 

  0x0000758c60bcb604: ;   {metadata(method data for {method} {0x0000758c030ce3e0} 'isSupplementary' '(I)Z' in 'java/util/regex/Pattern')}
  0x0000758c60bcb604: 0048 bf20 | 1809 f88b | 7500 0048 | 8387 5801 

  0x0000758c60bcb614: ;   {metadata(method data for {method} {0x0000758c03426fd8} 'isSurrogate' '(C)Z' in 'java/lang/Character')}
  0x0000758c60bcb614: 0000 0148 | bf00 1a09 | f88b 7500 | 008b 9ff4 | 0000 0083 | c302 899f | f400 0000 | 81e3 feff 
  0x0000758c60bcb634: 1f00 85db | 0f84 5720 | 0000 81fe | 00d8 0000 

  0x0000758c60bcb644: ;   {metadata(method data for {method} {0x0000758c03426fd8} 'isSurrogate' '(C)Z' in 'java/lang/Character')}
  0x0000758c60bcb644: 48bf 001a | 09f8 8b75 | 0000 48bb | 3801 0000 | 0000 0000 | 7c0a 48bb | 4801 0000 | 0000 0000 
  0x0000758c60bcb664: 488b 141f | 488d 5201 | 4889 141f | 0f8c 3800 | 0000 81fe | 00e0 0000 

  0x0000758c60bcb67c: ;   {metadata(method data for {method} {0x0000758c03426fd8} 'isSurrogate' '(C)Z' in 'java/lang/Character')}
  0x0000758c60bcb67c: 48be 001a | 09f8 8b75 | 0000 48bf | 6801 0000 | 0000 0000 | 7c0a 48bf | 5801 0000 | 0000 0000 
  0x0000758c60bcb69c: 488b 1c3e | 488d 5b01 | 4889 1c3e | 0f8c 0a00 | 0000 be00 | 0000 00e9 | 1500 0000 

  0x0000758c60bcb6b8: ;   {metadata(method data for {method} {0x0000758c03426fd8} 'isSurrogate' '(C)Z' in 'java/lang/Character')}
  0x0000758c60bcb6b8: 48be 001a | 09f8 8b75 | 0000 ff86 | 7801 0000 | be01 0000 | 0083 e601 

  0x0000758c60bcb6d0: ;   {metadata(method data for {method} {0x0000758c030ce3e0} 'isSupplementary' '(I)Z' in 'java/util/regex/Pattern')}
  0x0000758c60bcb6d0: 85f6 48be | 2018 09f8 | 8b75 0000 | 48bf 6801 | 0000 0000 | 0000 740a | 48bf 7801 | 0000 0000 
  0x0000758c60bcb6f0: 0000 488b | 1c3e 488d | 5b01 4889 | 1c3e 0f84 | 1a00 0000 

  0x0000758c60bcb704: ;   {metadata(method data for {method} {0x0000758c030ce3e0} 'isSupplementary' '(I)Z' in 'java/util/regex/Pattern')}
  0x0000758c60bcb704: 48be 2018 | 09f8 8b75 | 0000 ff86 | 8801 0000 | be01 0000 | 00e9 0500 | 0000 be00 | 0000 0083 
  0x0000758c60bcb724: e601 85f6 

  0x0000758c60bcb728: ;   {metadata(method data for {method} {0x0000758c030cd3b8} 'compile' '()V' in 'java/util/regex/Pattern')}
  0x0000758c60bcb728: 48be 38a1 | 1df8 8b75 | 0000 48bf | c002 0000 | 0000 0000 | 750a 48bf | b002 0000 | 0000 0000 
  0x0000758c60bcb748: 488b 1c3e | 488d 5b01 | 4889 1c3e | 0f85 0e00 | 0000 8b5c | 2478 488b | 7424 70e9 | 0d00 0000 
  0x0000758c60bcb768: 488b 7424 | 70c6 462a | 018b 5c24 | 788b 7e50 | 488b d3ff | c23b 5f0c | 0f83 3a1f | 0000 4863 
  0x0000758c60bcb788: db89 449f 

  0x0000758c60bcb78c: ;   {metadata(method data for {method} {0x0000758c030cd3b8} 'compile' '()V' in 'java/util/regex/Pattern')}
  0x0000758c60bcb78c: 1048 bf38 | a11d f88b | 7500 0048 | 8387 d002 

  0x0000758c60bcb79c: ;   {metadata(method data for {method} {0x0000758c03425928} 'charCount' '(I)I' in 'java/lang/Character')}
  0x0000758c60bcb79c: 0000 0148 | bf48 ca06 | f88b 7500 | 008b 9ff4 | 0000 0083 | c302 899f | f400 0000 | 81e3 feff 
  0x0000758c60bcb7bc: 1f00 85db | 0f84 081f | 0000 3d00 

  0x0000758c60bcb7c8: ;   {metadata(method data for {method} {0x0000758c03425928} 'charCount' '(I)I' in 'java/lang/Character')}
  0x0000758c60bcb7c8: 0001 0048 | bf48 ca06 | f88b 7500 | 0048 bb38 | 0100 0000 | 0000 007c | 0a48 bb48 | 0100 0000 
  0x0000758c60bcb7e8: 0000 0048 | 8b04 1f48 | 8d40 0148 | 8904 1f0f | 8c1a 0000 

  0x0000758c60bcb7fc: ;   {metadata(method data for {method} {0x0000758c03425928} 'charCount' '(I)I' in 'java/lang/Character')}
  0x0000758c60bcb7fc: 0048 bf48 | ca06 f88b | 7500 00ff | 8758 0100 | 00bf 0200 | 0000 e905 | 0000 00bf | 0100 0000 
  0x0000758c60bcb81c: 037c 247c 

  0x0000758c60bcb820: ;   {metadata(method data for {method} {0x0000758c030cd3b8} 'compile' '()V' in 'java/util/regex/Pattern')}
  0x0000758c60bcb820: 48bb 38a1 | 1df8 8b75 | 0000 8b83 | f800 0000 | 83c0 0289 | 83f8 0000 | 0025 fe3f | 0000 85c0 
  0x0000758c60bcb840: 0f84 a91e | 0000 4d8b | 9750 0400 

  0x0000758c60bcb84c: ; ImmutableOopMap {rsi=Oop [112]=Oop }
                      ;*goto {reexecute=1 rethrow=0 return_oop=0}
                      ; - (reexecute) java.util.regex.Pattern::compile@119 (line 1920)
                      ;   {poll}
  0x0000758c60bcb84c: 0041 8502 

  0x0000758c60bcb850: ;   {metadata(method data for {method} {0x0000758c030cd3b8} 'compile' '()V' in 'java/util/regex/Pattern')}
  0x0000758c60bcb850: 48bb 38a1 | 1df8 8b75 | 0000 ff83 | e002 0000 | 488b da89 | 5c24 784c | 8bc6 e9b1 | fcff ff8b 
  0x0000758c60bcb870: 5c24 7849 | 8bf0 895e | 2448 8bfe 

  0x0000758c60bcb87c: ;   {metadata(method data for {method} {0x0000758c030cd3b8} 'compile' '()V' in 'java/util/regex/Pattern')}
  0x0000758c60bcb87c: 48bb 38a1 | 1df8 8b75 | 0000 4883 | 83f8 0200 

  0x0000758c60bcb88c: ;   {metadata(method data for {method} {0x0000758c030ce388} 'has' '(I)Z' in 'java/util/regex/Pattern')}
  0x0000758c60bcb88c: 0001 48bf | e8de 04f8 | 8b75 0000 | 8b9f f400 | 0000 83c3 | 0289 9ff4 | 0000 0081 | e3fe ff1f 
  0x0000758c60bcb8ac: 0085 db0f | 845b 1e00 | 008b 7e10 | 83e7 1085 

  0x0000758c60bcb8bc: ;   {metadata(method data for {method} {0x0000758c030ce388} 'has' '(I)Z' in 'java/util/regex/Pattern')}
  0x0000758c60bcb8bc: ff48 bfe8 | de04 f88b | 7500 0048 | bb38 0100 | 0000 0000 | 0074 0a48 | bb48 0100 | 0000 0000 
  0x0000758c60bcb8dc: 0048 8b04 | 1f48 8d40 | 0148 8904 | 1f0f 841a 

  0x0000758c60bcb8ec: ;   {metadata(method data for {method} {0x0000758c030ce388} 'has' '(I)Z' in 'java/util/regex/Pattern')}
  0x0000758c60bcb8ec: 0000 0048 | bfe8 de04 | f88b 7500 | 00ff 8758 | 0100 00bf | 0100 0000 | e905 0000 | 00bf 0000 
  0x0000758c60bcb90c: 0000 83e7 

  0x0000758c60bcb910: ;   {metadata(method data for {method} {0x0000758c030cd3b8} 'compile' '()V' in 'java/util/regex/Pattern')}
  0x0000758c60bcb910: 0185 ff48 | bf38 a11d | f88b 7500 | 0048 bb30 | 0300 0000 | 0000 0075 | 0a48 bb40 | 0300 0000 
  0x0000758c60bcb930: 0000 0048 | 8b04 1f48 | 8d40 0148 | 8904 1f0f | 8534 0000 | 0048 8bfe 

  0x0000758c60bcb948: ;   {metadata(method data for {method} {0x0000758c030cd3b8} 'compile' '()V' in 'java/util/regex/Pattern')}
  0x0000758c60bcb948: 48bb 38a1 | 1df8 8b75 | 0000 4883 | 8350 0300 | 0001 488b | fe48 8bf7 | 0f1f 8000 

  0x0000758c60bcb964: ;   {optimized virtual_call}
  0x0000758c60bcb964: 0000 00e8 

  0x0000758c60bcb968: ; ImmutableOopMap {[112]=Oop }
                      ;*invokevirtual RemoveQEQuoting {reexecute=0 rethrow=0 return_oop=0}
                      ; - java.util.regex.Pattern::compile@137 (line 1931)
  0x0000758c60bcb968: 1462 0000 

  0x0000758c60bcb96c: ;   {other}
  0x0000758c60bcb96c: 0f1f 8400 | 5c0d 0003 | 488b 7424 | 70bb 2000 

  0x0000758c60bcb97c: ;   {metadata({type array int})}
  0x0000758c60bcb97c: 0000 48ba | 3826 0003 | 8c75 0000 | 4c8b c648 | 63db 488b | fb48 81fb | ffff ff00 | 0f87 931d 
  0x0000758c60bcb99c: 0000 48be | 1700 0000 | 0000 0000 | 488d 349e | 4883 e6f8 | 498b 87b8 | 0100 0048 | 8d34 3049 
  0x0000758c60bcb9bc: 3bb7 c801 | 0000 0f87 | 691d 0000 | 4989 b7b8 | 0100 0048 | 2bf0 48c7 | 0001 0000 | 0048 8bca 
  0x0000758c60bcb9dc: 49ba 0000 | 0003 8c75 | 0000 492b | ca89 4808 | 8958 0c48 | 83ee 1048 | 85f6 0f84 | 1100 0000 
  0x0000758c60bcb9fc: 4833 db48 | c1ee 0348 | 895c f008 | 48ff ce75 | f641 0fbe | 5f40 85db | 0f85 211d | 0000 4c8b 
  0x0000758c60bcba1c: d045 8950 | 3c49 8bf0 | 4833 f048 | c1ee 1448 | 83fe 000f | 8522 1d00 | 00bb 0a00 

  0x0000758c60bcba38: ;   {metadata('java/util/regex/Pattern$GroupHead'[])}
  0x0000758c60bcba38: 0000 48ba | 904e 0404 | 8c75 0000 | 4863 db48 | 8bfb 4881 | fbff ffff | 000f 8718 | 1d00 0048 
  0x0000758c60bcba58: be17 0000 | 0000 0000 | 0048 8d34 | 9e48 83e6 | f849 8b87 | b801 0000 | 488d 3430 | 493b b7c8 
  0x0000758c60bcba78: 0100 000f | 87ee 1c00 | 0049 89b7 | b801 0000 | 482b f048 | c700 0100 | 0000 488b | ca49 ba00 
  0x0000758c60bcba98: 0000 038c | 7500 0049 | 2bca 8948 | 0889 580c | 4883 ee10 | 4885 f60f | 8411 0000 | 0048 33db 
  0x0000758c60bcbab8: 48c1 ee03 | 4889 5cf0 | 0848 ffce | 75f6 410f | be57 4085 | d20f 85a6 | 1c00 004c | 8bd0 4589 
  0x0000758c60bcbad8: 5048 498b | f048 33f0 | 48c1 ee14 | 4883 fe00 | 0f85 a71c 

  0x0000758c60bcbaec: ;   {oop(nullptr)}
  0x0000758c60bcbaec: 0000 48ba | 0000 0000 | 0000 0000 | 410f be77 | 4085 f60f | 85a8 1c00 | 004c 8bd2 | 4589 5044 
  0x0000758c60bcbb0c: f083 4424 | c000 498b | f048 33f2 | 48c1 ee14 | 4883 fe00 | 0f85 a31c 

  0x0000758c60bcbb24: ;   {metadata('java/util/ArrayList')}
  0x0000758c60bcbb24: 0000 48ba | 50b7 0b03 | 8c75 0000 | 498b 87b8 | 0100 0048 | 8d78 1849 | 3bbf c801 | 0000 0f87 
  0x0000758c60bcbb44: 991c 0000 | 4989 bfb8 | 0100 0048 | c700 0100 | 0000 488b | ca49 ba00 | 0000 038c | 7500 0049 
  0x0000758c60bcbb64: 2bca 8948 | 0848 33c9 | 8948 0c48 | 33c9 4889 | 4810 488b 

  0x0000758c60bcbb78: ;   {metadata(method data for {method} {0x0000758c030cd3b8} 'compile' '()V' in 'java/util/regex/Pattern')}
  0x0000758c60bcbb78: d048 be38 | a11d f88b | 7500 0048 | 8386 8803 | 0000 01ba | 0a00 0000 | 488b f048 | 8984 2480 
  0x0000758c60bcbb98: 0000 000f 

  0x0000758c60bcbb9c: ;   {optimized virtual_call}
  0x0000758c60bcbb9c: 1f40 00e8 

  0x0000758c60bcbba0: ; ImmutableOopMap {[112]=Oop [128]=Oop }
                      ;*invokespecial <init> {reexecute=0 rethrow=0 return_oop=0}
                      ; - java.util.regex.Pattern::compile@169 (line 1937)
  0x0000758c60bcbba0: dc79 ffff 

  0x0000758c60bcbba4: ;   {other}
  0x0000758c60bcbba4: 0f1f 8400 | 940f 0004 | 410f be57 | 4085 d248 | 8b74 2470 | 0f85 301c | 0000 488b | 8424 8000 
  0x0000758c60bcbbc4: 0000 4c8b | d044 8956 | 4c48 8bd6 | 4833 d048 | c1ea 1448 | 83fa 000f | 8528 1c00 | 0048 8bd6 
  0x0000758c60bcbbe4: ;   {metadata(method data for {method} {0x0000758c030cd3b8} 'compile' '()V' in 'java/util/regex/Pattern')}
  0x0000758c60bcbbe4: 48b9 38a1 | 1df8 8b75 | 0000 4883 | 8198 0300 

  0x0000758c60bcbbf4: ;   {metadata(method data for {method} {0x0000758c030ce388} 'has' '(I)Z' in 'java/util/regex/Pattern')}
  0x0000758c60bcbbf4: 0001 48ba | e8de 04f8 | 8b75 0000 | 8b8a f400 | 0000 83c1 | 0289 8af4 | 0000 0081 | e1fe ff1f 
  0x0000758c60bcbc14: 0085 c90f | 8404 1c00 | 008b 5610 | 83e2 1085 

  0x0000758c60bcbc24: ;   {metadata(method data for {method} {0x0000758c030ce388} 'has' '(I)Z' in 'java/util/regex/Pattern')}
  0x0000758c60bcbc24: d248 bae8 | de04 f88b | 7500 0048 | b938 0100 | 0000 0000 | 0074 0a48 | b948 0100 | 0000 0000 
  0x0000758c60bcbc44: 004c 8b04 | 0a4d 8d40 | 014c 8904 | 0a0f 841a 

  0x0000758c60bcbc54: ;   {metadata(method data for {method} {0x0000758c030ce388} 'has' '(I)Z' in 'java/util/regex/Pattern')}
  0x0000758c60bcbc54: 0000 0048 | bae8 de04 | f88b 7500 | 00ff 8258 | 0100 00ba | 0100 0000 | e905 0000 | 00ba 0000 
  0x0000758c60bcbc74: 0000 83e2 

  0x0000758c60bcbc78: ;   {metadata(method data for {method} {0x0000758c030cd3b8} 'compile' '()V' in 'java/util/regex/Pattern')}
  0x0000758c60bcbc78: 0185 d248 | ba38 a11d | f88b 7500 | 0048 b9d0 | 0300 0000 | 0000 0074 | 0a48 b9e0 | 0300 0000 
  0x0000758c60bcbc98: 0000 004c | 8b04 0a4d | 8d40 014c | 8904 0a0f | 84b2 0000 | 008b 5650 | 8b4e 2444 | 0fbe 462a 
  0x0000758c60bcbcb8: ;   {metadata(method data for {method} {0x0000758c030cd3b8} 'compile' '()V' in 'java/util/regex/Pattern')}
  0x0000758c60bcbcb8: 488b fe48 | bb38 a11d | f88b 7500 | 0048 8383 | f003 0000 | 0148 8bfe | 488b f70f 

  0x0000758c60bcbcd4: ;   {optimized virtual_call}
  0x0000758c60bcbcd4: 1f40 00e8 

  0x0000758c60bcbcd8: ; ImmutableOopMap {[112]=Oop }
                      ;*invokevirtual newSlice {reexecute=0 rethrow=0 return_oop=0}
                      ; - java.util.regex.Pattern::compile@198 (line 1941)
  0x0000758c60bcbcd8: a4a6 3b07 

  0x0000758c60bcbcdc: ;   {other}
  0x0000758c60bcbcdc: 0f1f 8400 | cc10 0005 | 410f be57 | 4085 d248 | 8b74 2470 | 0f85 4c1b | 0000 4c8b | d044 8956 
  0x0000758c60bcbcfc: 3848 8bd6 | 4833 d048 | c1ea 1448 | 83fa 000f | 854c 1b00 | 0041 0fbe | 5740 85d2 | 0f85 571b 
  0x0000758c60bcbd1c: ;   {oop(a 'java/util/regex/Pattern$LastNode'{0x00000000e1669bd8})}
  0x0000758c60bcbd1c: 0000 49ba | d89b 66e1 | 0000 0000 

  0x0000758c60bcbd28: ; implicit exception: dispatches to 0x0000758c60bcd890
  0x0000758c60bcbd28: 4489 500c 

  0x0000758c60bcbd2c: ;   {oop(a 'java/util/regex/Pattern$LastNode'{0x00000000e1669bd8})}
  0x0000758c60bcbd2c: 48ba d89b | 66e1 0000 | 0000 488b | f848 33fa | 48c1 ef14 | 4883 ff00 | 0f85 4b1b 

  0x0000758c60bcbd48: ;   {metadata(method data for {method} {0x0000758c030cd3b8} 'compile' '()V' in 'java/util/regex/Pattern')}
  0x0000758c60bcbd48: 0000 48ba | 38a1 1df8 | 8b75 0000 | ff82 2804 | 0000 e99c | 0000 0048 

  0x0000758c60bcbd60: ;   {metadata(method data for {method} {0x0000758c030cd3b8} 'compile' '()V' in 'java/util/regex/Pattern')}
  0x0000758c60bcbd60: 8bd6 48bf | 38a1 1df8 | 8b75 0000 | 4883 8740 | 0400 0001 

  0x0000758c60bcbd74: ;   {oop(a 'java/util/regex/Pattern$LastNode'{0x00000000e1669bd8})}
  0x0000758c60bcbd74: 48ba d89b | 66e1 0000 | 0000 488b | fe48 8bf7 

  0x0000758c60bcbd84: ;   {optimized virtual_call}
  0x0000758c60bcbd84: 6666 90e8 

  0x0000758c60bcbd88: ; ImmutableOopMap {[112]=Oop }
                      ;*invokevirtual expr {reexecute=0 rethrow=0 return_oop=0}
                      ; - java.util.regex.Pattern::compile@222 (line 1945)
  0x0000758c60bcbd88: b821 0000 

  0x0000758c60bcbd8c: ;   {other}
  0x0000758c60bcbd8c: 0f1f 8400 | 7c11 0006 | 410f be77 | 4085 f648 | 8b74 2470 | 0f85 071b | 0000 4c8b | d044 8956 
  0x0000758c60bcbdac: 3848 8bfe | 4833 f848 | c1ef 1448 | 83ff 000f | 8507 1b00 | 008b 7e24 | 8b5e 203b 

  0x0000758c60bcbdc8: ;   {metadata(method data for {method} {0x0000758c030cd3b8} 'compile' '()V' in 'java/util/regex/Pattern')}
  0x0000758c60bcbdc8: fb48 bf38 | a11d f88b | 7500 0048 | b888 0400 | 0000 0000 | 0075 0a48 | b878 0400 | 0000 0000 
  0x0000758c60bcbde8: 0048 8b14 | 0748 8d52 | 0148 8914 | 070f 85e7 | 1300 008b | 5e38 4885 

  0x0000758c60bcbe00: ;   {metadata(method data for {method} {0x0000758c030cd3b8} 'compile' '()V' in 'java/util/regex/Pattern')}
  0x0000758c60bcbe00: db75 1648 | ba38 a11d | f88b 7500 | 0080 8ad1 | 0500 0001 | e9cc 0000 

  0x0000758c60bcbe18: ;   {metadata('java/util/regex/Pattern$Slice')}
  0x0000758c60bcbe18: 0048 b940 | 9333 038c | 7500 008b | 4308 49ba | 0000 0003 | 8c75 0000 | 4903 c248 | 3bc8 0f85 
  0x0000758c60bcbe38: 8d00 0000 

  0x0000758c60bcbe3c: ;   {metadata(method data for {method} {0x0000758c030cd3b8} 'compile' '()V' in 'java/util/regex/Pattern')}
  0x0000758c60bcbe3c: 48ba 38a1 | 1df8 8b75 | 0000 8b4b | 0849 ba00 | 0000 038c | 7500 0049 | 03ca 483b | 8ae8 0500 
  0x0000758c60bcbe5c: 0075 0d48 | 8382 f005 | 0000 01e9 | 7e00 0000 | 483b 8af8 | 0500 0075 | 0d48 8382 | 0006 0000 
  0x0000758c60bcbe7c: 01e9 6800 | 0000 4883 | bae8 0500 | 0000 7517 | 4889 8ae8 | 0500 0048 | c782 f005 | 0000 0100 
  0x0000758c60bcbe9c: 0000 e947 | 0000 0048 | 83ba f805 | 0000 0075 | 1748 898a | f805 0000 | 48c7 8200 | 0600 0001 
  0x0000758c60bcbebc: 0000 00e9 | 2600 0000 | e921 0000 

  0x0000758c60bcbec8: ;   {metadata(method data for {method} {0x0000758c030cd3b8} 'compile' '()V' in 'java/util/regex/Pattern')}
  0x0000758c60bcbec8: 0048 ba38 | a11d f88b | 7500 0048 | 83aa d805 | 0000 01e9 | 0500 0000 | e905 0000 | 0048 33ff 
  0x0000758c60bcbee8: eb0a 48bf | 0100 0000 | 0000 0000 

  0x0000758c60bcbef4: ;   {metadata(method data for {method} {0x0000758c030cd3b8} 'compile' '()V' in 'java/util/regex/Pattern')}
  0x0000758c60bcbef4: 85ff 48bf | 38a1 1df8 | 8b75 0000 | 48b8 1006 | 0000 0000 | 0000 740a | 48b8 2006 | 0000 0000 
  0x0000758c60bcbf14: 0000 488b | 1407 488d | 5201 4889 | 1407 0f84 | 2405 0000 | 488b f30f 

  0x0000758c60bcbf2c: ;   {static_call}
  0x0000758c60bcbf2c: 1f40 00e8 

  0x0000758c60bcbf30: ; ImmutableOopMap {[112]=Oop }
                      ;*invokestatic optimize {reexecute=0 rethrow=0 return_oop=0}
                      ; - java.util.regex.Pattern::compile@316 (line 1960)
  0x0000758c60bcbf30: 4caa 3b07 

  0x0000758c60bcbf34: ;   {other}
  0x0000758c60bcbf34: 0f1f 8400 | 2413 0007 | 410f be57 | 4085 d248 | 8b74 2470 | 0f85 9219 | 0000 4c8b | d044 8956 
  0x0000758c60bcbf54: 3448 8bd6 | 4833 d048 | c1ea 1448 | 83fa 000f | 8592 1900 | 008b 5e38 

  0x0000758c60bcbf6c: ;   {metadata(method data for {method} {0x0000758c030cd3b8} 'compile' '()V' in 'java/util/regex/Pattern')}
  0x0000758c60bcbf6c: 483b c348 | ba38 a11d | f88b 7500 | 0048 bf40 | 0600 0000 | 0000 0075 | 0a48 bf50 | 0600 0000 
  0x0000758c60bcbf8c: 0000 0048 | 8b04 3a48 | 8d40 0148 | 8904 3a0f | 85ce 0b00 | 000f be56 

  0x0000758c60bcbfa4: ;   {metadata(method data for {method} {0x0000758c030cd3b8} 'compile' '()V' in 'java/util/regex/Pattern')}
  0x0000758c60bcbfa4: 2a85 d248 | ba38 a11d | f88b 7500 | 0048 bf60 | 0600 0000 | 0000 0074 | 0a48 bf70 | 0600 0000 
  0x0000758c60bcbfc4: 0000 0048 | 8b04 3a48 | 8d40 0148 | 8904 3a0f | 84e0 0000 

  0x0000758c60bcbfd8: ;   {metadata('java/util/regex/Pattern$StartS')}
  0x0000758c60bcbfd8: 0048 ba98 | 9a33 038c | 7500 0049 | 8b87 b801 | 0000 488d | 7818 493b | bfc8 0100 | 000f 8718 
  0x0000758c60bcbff8: 1900 0049 | 89bf b801 | 0000 48c7 | 0001 0000 | 0048 8bca | 49ba 0000 | 0003 8c75 | 0000 492b 
  0x0000758c60bcc018: ca89 4808 | 4833 c989 | 480c 4833 | c948 8948 | 1048 8bd0 

  0x0000758c60bcc02c: ;   {metadata(method data for {method} {0x0000758c030cd3b8} 'compile' '()V' in 'java/util/regex/Pattern')}
  0x0000758c60bcc02c: 48be 38a1 | 1df8 8b75 | 0000 4883 | 8680 0600 

  0x0000758c60bcc03c: ;   {metadata(method data for {method} {0x0000758c03339f88} '<init>' '(Ljava/util/regex/Pattern$Node;)V' in 'java/util/regex/Pattern$StartS')}
  0x0000758c60bcc03c: 0001 48ba | d8b9 1df8 | 8b75 0000 | 8bb2 f400 | 0000 83c6 | 0289 b2f4 | 0000 0081 | e6fe ff1f 
  0x0000758c60bcc05c: 0085 f60f | 84bb 1800 | 0048 8bd0 

  0x0000758c60bcc068: ;   {metadata(method data for {method} {0x0000758c03339f88} '<init>' '(Ljava/util/regex/Pattern$Node;)V' in 'java/util/regex/Pattern$StartS')}
  0x0000758c60bcc068: 48be d8b9 | 1df8 8b75 | 0000 4883 | 8638 0100 | 0001 488b | d348 8bf0 | 4889 8424 | 8800 0000 
  0x0000758c60bcc088: 0f1f 8000 

  0x0000758c60bcc08c: ;   {optimized virtual_call}
  0x0000758c60bcc08c: 0000 00e8 

  0x0000758c60bcc090: ; ImmutableOopMap {[112]=Oop [136]=Oop }
                      ;*invokespecial <init> {reexecute=0 rethrow=0 return_oop=0}
                      ; - java.util.regex.Pattern$StartS::<init>@2 (line 3810)
                      ; - java.util.regex.Pattern::compile@349 (line 1962)
  0x0000758c60bcc090: eca2 3b07 

  0x0000758c60bcc094: ;   {other}
  0x0000758c60bcc094: 0f1f 8400 | 8414 0008 

  0x0000758c60bcc09c: ;   {metadata(method data for {method} {0x0000758c030cd3b8} 'compile' '()V' in 'java/util/regex/Pattern')}
  0x0000758c60bcc09c: 48ba 38a1 | 1df8 8b75 | 0000 ff82 | 9006 0000 | 488b 8424 | 8800 0000 | e951 0300 

  0x0000758c60bcc0b8: ;   {metadata('java/util/regex/Pattern$Start')}
  0x0000758c60bcc0b8: 0048 ba60 | 8933 038c | 7500 0049 | 8b87 b801 | 0000 488d | 7818 493b | bfc8 0100 | 000f 8766 
  0x0000758c60bcc0d8: 1800 0049 | 89bf b801 | 0000 48c7 | 0001 0000 | 0048 8bca | 49ba 0000 | 0003 8c75 | 0000 492b 
  0x0000758c60bcc0f8: ca89 4808 | 4833 c989 | 480c 4833 | c948 8948 | 1048 8bd0 

  0x0000758c60bcc10c: ;   {metadata(method data for {method} {0x0000758c030cd3b8} 'compile' '()V' in 'java/util/regex/Pattern')}
  0x0000758c60bcc10c: 48be 38a1 | 1df8 8b75 | 0000 4883 | 86a8 0600 

  0x0000758c60bcc11c: ;   {metadata(method data for {method} {0x0000758c03338eb0} '<init>' '(Ljava/util/regex/Pattern$Node;)V' in 'java/util/regex/Pattern$Start')}
  0x0000758c60bcc11c: 0001 48ba | 9880 1df8 | 8b75 0000 | 8bb2 f400 | 0000 83c6 | 0289 b2f4 | 0000 0081 | e6fe ff1f 
  0x0000758c60bcc13c: 0085 f60f | 8409 1800 | 0048 8bd0 

  0x0000758c60bcc148: ;   {metadata(method data for {method} {0x0000758c03338eb0} '<init>' '(Ljava/util/regex/Pattern$Node;)V' in 'java/util/regex/Pattern$Start')}
  0x0000758c60bcc148: 48be 9880 | 1df8 8b75 | 0000 4883 | 8638 0100 

  0x0000758c60bcc158: ;   {metadata(method data for {method} {0x0000758c033388f8} '<init>' '()V' in 'java/util/regex/Pattern$Node')}
  0x0000758c60bcc158: 0001 48ba | f879 0df8 | 8b75 0000 | 8bb2 f400 | 0000 83c6 | 0289 b2f4 | 0000 0081 | e6fe ff1f 
  0x0000758c60bcc178: 0085 f60f | 84ee 1700 | 0048 8bd0 

  0x0000758c60bcc184: ;   {metadata(method data for {method} {0x0000758c033388f8} '<init>' '()V' in 'java/util/regex/Pattern$Node')}
  0x0000758c60bcc184: 48be f879 | 0df8 8b75 | 0000 4883 | 8638 0100 

  0x0000758c60bcc194: ;   {metadata(method data for {method} {0x0000758c03479be0} '<init>' '()V' in 'java/lang/Object')}
  0x0000758c60bcc194: 0001 48ba | 209e 00f8 | 8b75 0000 | 8bb2 f400 | 0000 83c6 | 0289 b2f4 | 0000 0081 | e6fe ff1f 
  0x0000758c60bcc1b4: 0085 f60f | 84d3 1700 | 0041 0fbe | 5740 85d2 | 0f85 e717 

  0x0000758c60bcc1c8: ;   {oop(a 'java/util/regex/Pattern$Node'{0x00000000e1669be8})}
  0x0000758c60bcc1c8: 0000 49ba | e89b 66e1 | 0000 0000 | 4489 500c 

  0x0000758c60bcc1d8: ;   {oop(a 'java/util/regex/Pattern$Node'{0x00000000e1669be8})}
  0x0000758c60bcc1d8: 48ba e89b | 66e1 0000 | 0000 488b | f048 33f2 | 48c1 ee14 | 4883 fe00 | 0f85 d617 | 0000 410f 
  0x0000758c60bcc1f8: be57 4085 | d20f 85e1 | 1700 004c | 8bd3 4489 | 500c 488b | d048 33d3 | 48c1 ea14 | 4883 fa00 
  0x0000758c60bcc218: 0f85 e117 

  0x0000758c60bcc21c: ;   {metadata('java/util/regex/Pattern$TreeInfo')}
  0x0000758c60bcc21c: 0000 48ba | e8da 3303 | 8c75 0000 | 4889 8424 | 9800 0000 | 498b 87b8 | 0100 0048 | 8d78 1849 
  0x0000758c60bcc23c: 3bbf c801 | 0000 0f87 | cf17 0000 | 4989 bfb8 | 0100 0048 | c700 0100 | 0000 488b | ca49 ba00 
  0x0000758c60bcc25c: 0000 038c | 7500 0049 | 2bca 8948 | 0848 33c9 | 8948 0c48 | 33c9 4889 | 4810 488b 

  0x0000758c60bcc278: ;   {metadata(method data for {method} {0x0000758c03338eb0} '<init>' '(Ljava/util/regex/Pattern$Node;)V' in 'java/util/regex/Pattern$Start')}
  0x0000758c60bcc278: d048 be98 | 801d f88b | 7500 0048 | 8386 4801 

  0x0000758c60bcc288: ;   {metadata(method data for {method} {0x0000758c0333de28} '<init>' '()V' in 'java/util/regex/Pattern$TreeInfo')}
  0x0000758c60bcc288: 0000 0148 | ba70 821d | f88b 7500 | 008b b2f4 | 0000 0083 | c602 89b2 | f400 0000 | 81e6 feff 
  0x0000758c60bcc2a8: 1f00 85f6 | 0f84 7217 | 0000 488b 

  0x0000758c60bcc2b4: ;   {metadata(method data for {method} {0x0000758c0333de28} '<init>' '()V' in 'java/util/regex/Pattern$TreeInfo')}
  0x0000758c60bcc2b4: d048 be70 | 821d f88b | 7500 0048 | 8386 3801 

  0x0000758c60bcc2c4: ;   {metadata(method data for {method} {0x0000758c03479be0} '<init>' '()V' in 'java/lang/Object')}
  0x0000758c60bcc2c4: 0000 0148 | ba20 9e00 | f88b 7500 | 008b b2f4 | 0000 0083 | c602 89b2 | f400 0000 | 81e6 feff 
  0x0000758c60bcc2e4: 1f00 85f6 | 0f84 5717 | 0000 488b 

  0x0000758c60bcc2f0: ;   {metadata(method data for {method} {0x0000758c0333de28} '<init>' '()V' in 'java/util/regex/Pattern$TreeInfo')}
  0x0000758c60bcc2f0: d048 be70 | 821d f88b | 7500 0048 | 8386 4801 

  0x0000758c60bcc300: ;   {metadata(method data for {method} {0x0000758c0333de80} 'reset' '()V' in 'java/util/regex/Pattern$TreeInfo')}
  0x0000758c60bcc300: 0000 0148 | ba30 841d | f88b 7500 | 008b b2f4 | 0000 0083 | c602 89b2 | f400 0000 | 81e6 feff 
  0x0000758c60bcc320: 1f00 85f6 | 0f84 3c17 | 0000 c640 | 1401 c640 | 1501 483b | 0348 8bd3 

  0x0000758c60bcc338: ;   {metadata(method data for {method} {0x0000758c03338eb0} '<init>' '(Ljava/util/regex/Pattern$Node;)V' in 'java/util/regex/Pattern$Start')}
  0x0000758c60bcc338: 48be 9880 | 1df8 8b75 | 0000 8b52 | 0849 ba00 | 0000 038c | 7500 0049 | 03d2 483b | 9668 0100 
  0x0000758c60bcc358: 0075 0d48 | 8386 7001 | 0000 01e9 | 6000 0000 | 483b 9678 | 0100 0075 | 0d48 8386 | 8001 0000 
  0x0000758c60bcc378: 01e9 4a00 | 0000 4883 | be68 0100 | 0000 7517 | 4889 9668 | 0100 0048 | c786 7001 | 0000 0100 
  0x0000758c60bcc398: 0000 e929 | 0000 0048 | 83be 7801 | 0000 0075 | 1748 8996 | 7801 0000 | 48c7 8680 | 0100 0001 
  0x0000758c60bcc3b8: 0000 00e9 | 0800 0000 | 4883 8658 | 0100 0001 | 488b d048 | 8bf3 4889 | 8424 9000 | 0000 0f1f 
  0x0000758c60bcc3d8: 8000 0000 | 0048 b8ff | ffff ffff 

  0x0000758c60bcc3e4: ;   {virtual_call}
  0x0000758c60bcc3e4: ffff ffe8 

  0x0000758c60bcc3e8: ; ImmutableOopMap {[112]=Oop [144]=Oop [152]=Oop }
                      ;*invokevirtual study {reexecute=0 rethrow=0 return_oop=0}
                      ; - java.util.regex.Pattern$Start::<init>@22 (line 3777)
                      ; - java.util.regex.Pattern::compile@363 (line 1962)
  0x0000758c60bcc3e8: 94a2 3b07 

  0x0000758c60bcc3ec: ;   {other}
  0x0000758c60bcc3ec: 0f1f 8400 | dc17 0009 | 488b 8424 | 9000 0000 | 8b50 0c48 | 8b84 2498 | 0000 0089 | 5010 488b 
  0x0000758c60bcc40c: 7424 7041 | 0fbe 5740 | 85d2 0f85 | 7016 0000 | 4c8b d044 | 8956 3448 | 8bd6 4833 | d048 c1ea 
  0x0000758c60bcc42c: 1448 83fa | 000f 8570 

  0x0000758c60bcc434: ;   {metadata(method data for {method} {0x0000758c030cd3b8} 'compile' '()V' in 'java/util/regex/Pattern')}
  0x0000758c60bcc434: 1600 0048 | ba38 a11d | f88b 7500 | 00ff 82b8 | 0600 00e9 | 2307 0000 | 4885 db75 

  0x0000758c60bcc450: ;   {metadata(method data for {method} {0x0000758c030cd3b8} 'compile' '()V' in 'java/util/regex/Pattern')}
  0x0000758c60bcc450: 1648 b838 | a11d f88b | 7500 0080 | 88c9 0600 | 0001 e9cc 

  0x0000758c60bcc464: ;   {metadata('java/util/regex/Pattern$Begin')}
  0x0000758c60bcc464: 0000 0048 | b9f0 9f33 | 038c 7500 | 008b 7b08 | 49ba 0000 | 0003 8c75 | 0000 4903 | fa48 3bcf 
  0x0000758c60bcc484: 0f85 8d00 

  0x0000758c60bcc488: ;   {metadata(method data for {method} {0x0000758c030cd3b8} 'compile' '()V' in 'java/util/regex/Pattern')}
  0x0000758c60bcc488: 0000 48b8 | 38a1 1df8 | 8b75 0000 | 8b4b 0849 | ba00 0000 | 038c 7500 | 0049 03ca | 483b 88e0 
  0x0000758c60bcc4a8: 0600 0075 | 0d48 8380 | e806 0000 | 01e9 7e00 | 0000 483b | 88f0 0600 | 0075 0d48 | 8380 f806 
  0x0000758c60bcc4c8: 0000 01e9 | 6800 0000 | 4883 b8e0 | 0600 0000 | 7517 4889 | 88e0 0600 | 0048 c780 | e806 0000 
  0x0000758c60bcc4e8: 0100 0000 | e947 0000 | 0048 83b8 | f006 0000 | 0075 1748 | 8988 f006 | 0000 48c7 | 80f8 0600 
  0x0000758c60bcc508: 0001 0000 | 00e9 2600 | 0000 e921 

  0x0000758c60bcc514: ;   {metadata(method data for {method} {0x0000758c030cd3b8} 'compile' '()V' in 'java/util/regex/Pattern')}
  0x0000758c60bcc514: 0000 0048 | b838 a11d | f88b 7500 | 0048 83a8 | d006 0000 | 01e9 0500 | 0000 e905 | 0000 0048 
  0x0000758c60bcc534: 33d2 eb0a | 48ba 0100 | 0000 0000 | 0000 85d2 

  0x0000758c60bcc544: ;   {metadata(method data for {method} {0x0000758c030cd3b8} 'compile' '()V' in 'java/util/regex/Pattern')}
  0x0000758c60bcc544: 48ba 38a1 | 1df8 8b75 | 0000 48bf | 0807 0000 | 0000 0000 | 750a 48bf | 1807 0000 | 0000 0000 
  0x0000758c60bcc564: 488b 043a | 488d 4001 | 4889 043a | 0f85 2a01 | 0000 4885 

  0x0000758c60bcc578: ;   {metadata(method data for {method} {0x0000758c030cd3b8} 'compile' '()V' in 'java/util/regex/Pattern')}
  0x0000758c60bcc578: db75 1648 | b838 a11d | f88b 7500 | 0080 8821 | 0700 0001 | e9cc 0000 

  0x0000758c60bcc590: ;   {metadata('java/util/regex/Pattern$First')}
  0x0000758c60bcc590: 0048 b960 | a433 038c | 7500 008b | 7b08 49ba | 0000 0003 | 8c75 0000 | 4903 fa48 | 3bcf 0f85 
  0x0000758c60bcc5b0: 8d00 0000 

  0x0000758c60bcc5b4: ;   {metadata(method data for {method} {0x0000758c030cd3b8} 'compile' '()V' in 'java/util/regex/Pattern')}
  0x0000758c60bcc5b4: 48b8 38a1 | 1df8 8b75 | 0000 8b4b | 0849 ba00 | 0000 038c | 7500 0049 | 03ca 483b | 8838 0700 
  0x0000758c60bcc5d4: 0075 0d48 | 8380 4007 | 0000 01e9 | 7e00 0000 | 483b 8848 | 0700 0075 | 0d48 8380 | 5007 0000 
  0x0000758c60bcc5f4: 01e9 6800 | 0000 4883 | b838 0700 | 0000 7517 | 4889 8838 | 0700 0048 | c780 4007 | 0000 0100 
  0x0000758c60bcc614: 0000 e947 | 0000 0048 | 83b8 4807 | 0000 0075 | 1748 8988 | 4807 0000 | 48c7 8050 | 0700 0001 
  0x0000758c60bcc634: 0000 00e9 | 2600 0000 | e921 0000 

  0x0000758c60bcc640: ;   {metadata(method data for {method} {0x0000758c030cd3b8} 'compile' '()V' in 'java/util/regex/Pattern')}
  0x0000758c60bcc640: 0048 b838 | a11d f88b | 7500 0048 | 83a8 2807 | 0000 01e9 | 0500 0000 | e905 0000 | 0048 33d2 
  0x0000758c60bcc660: eb0a 48ba | 0100 0000 | 0000 0000 

  0x0000758c60bcc66c: ;   {metadata(method data for {method} {0x0000758c030cd3b8} 'compile' '()V' in 'java/util/regex/Pattern')}
  0x0000758c60bcc66c: 85d2 48ba | 38a1 1df8 | 8b75 0000 | 48bf 6007 | 0000 0000 | 0000 740a | 48bf 7007 | 0000 0000 
  0x0000758c60bcc68c: 0000 488b | 043a 488d | 4001 4889 | 043a 0f84 | 3d00 0000 | 410f be57 | 4085 d20f | 8512 1400 
  0x0000758c60bcc6ac: 004c 8bd3 | 4489 5634 | 488b d648 | 33d3 48c1 | ea14 4883 | fa00 0f85 | 1214 0000 

  0x0000758c60bcc6c8: ;   {metadata(method data for {method} {0x0000758c030cd3b8} 'compile' '()V' in 'java/util/regex/Pattern')}
  0x0000758c60bcc6c8: 48ba 38a1 | 1df8 8b75 | 0000 ff82 | 8007 0000 | e992 0400 | 000f be56 

  0x0000758c60bcc6e0: ;   {metadata(method data for {method} {0x0000758c030cd3b8} 'compile' '()V' in 'java/util/regex/Pattern')}
  0x0000758c60bcc6e0: 2a85 d248 | ba38 a11d | f88b 7500 | 0048 bf98 | 0700 0000 | 0000 0074 | 0a48 bfa8 | 0700 0000 
  0x0000758c60bcc700: 0000 0048 | 8b04 3a48 | 8d40 0148 | 8904 3a0f | 84dc 0000 

  0x0000758c60bcc714: ;   {metadata('java/util/regex/Pattern$StartS')}
  0x0000758c60bcc714: 0048 ba98 | 9a33 038c | 7500 0049 | 8b87 b801 | 0000 488d | 7818 493b | bfc8 0100 | 000f 87bb 
  0x0000758c60bcc734: 1300 0049 | 89bf b801 | 0000 48c7 | 0001 0000 | 0048 8bca | 49ba 0000 | 0003 8c75 | 0000 492b 
  0x0000758c60bcc754: ca89 4808 | 4833 c989 | 480c 4833 | c948 8948 | 1048 8bd0 

  0x0000758c60bcc768: ;   {metadata(method data for {method} {0x0000758c030cd3b8} 'compile' '()V' in 'java/util/regex/Pattern')}
  0x0000758c60bcc768: 48be 38a1 | 1df8 8b75 | 0000 4883 | 86b8 0700 

  0x0000758c60bcc778: ;   {metadata(method data for {method} {0x0000758c03339f88} '<init>' '(Ljava/util/regex/Pattern$Node;)V' in 'java/util/regex/Pattern$StartS')}
  0x0000758c60bcc778: 0001 48ba | d8b9 1df8 | 8b75 0000 | 8bb2 f400 | 0000 83c6 | 0289 b2f4 | 0000 0081 | e6fe ff1f 
  0x0000758c60bcc798: 0085 f60f | 845e 1300 | 0048 8bd0 

  0x0000758c60bcc7a4: ;   {metadata(method data for {method} {0x0000758c03339f88} '<init>' '(Ljava/util/regex/Pattern$Node;)V' in 'java/util/regex/Pattern$StartS')}
  0x0000758c60bcc7a4: 48be d8b9 | 1df8 8b75 | 0000 4883 | 8638 0100 | 0001 488b | d348 8bf0 | 4889 8424 | a000 0000 
  0x0000758c60bcc7c4: ;   {optimized virtual_call}
  0x0000758c60bcc7c4: 6666 90e8 

  0x0000758c60bcc7c8: ; ImmutableOopMap {[112]=Oop [160]=Oop }
                      ;*invokespecial <init> {reexecute=0 rethrow=0 return_oop=0}
                      ; - java.util.regex.Pattern$StartS::<init>@2 (line 3810)
                      ; - java.util.regex.Pattern::compile@419 (line 1967)
  0x0000758c60bcc7c8: b49b 3b07 

  0x0000758c60bcc7cc: ;   {other}
  0x0000758c60bcc7cc: 0f1f 8400 | bc1b 000a 

  0x0000758c60bcc7d4: ;   {metadata(method data for {method} {0x0000758c030cd3b8} 'compile' '()V' in 'java/util/regex/Pattern')}
  0x0000758c60bcc7d4: 48ba 38a1 | 1df8 8b75 | 0000 ff82 | c807 0000 | 488b 8424 | a000 0000 | e951 0300 

  0x0000758c60bcc7f0: ;   {metadata('java/util/regex/Pattern$Start')}
  0x0000758c60bcc7f0: 0048 ba60 | 8933 038c | 7500 0049 | 8b87 b801 | 0000 488d | 7818 493b | bfc8 0100 | 000f 870d 
  0x0000758c60bcc810: 1300 0049 | 89bf b801 | 0000 48c7 | 0001 0000 | 0048 8bca | 49ba 0000 | 0003 8c75 | 0000 492b 
  0x0000758c60bcc830: ca89 4808 | 4833 c989 | 480c 4833 | c948 8948 | 1048 8bd0 

  0x0000758c60bcc844: ;   {metadata(method data for {method} {0x0000758c030cd3b8} 'compile' '()V' in 'java/util/regex/Pattern')}
  0x0000758c60bcc844: 48be 38a1 | 1df8 8b75 | 0000 4883 | 86e0 0700 

  0x0000758c60bcc854: ;   {metadata(method data for {method} {0x0000758c03338eb0} '<init>' '(Ljava/util/regex/Pattern$Node;)V' in 'java/util/regex/Pattern$Start')}
  0x0000758c60bcc854: 0001 48ba | 9880 1df8 | 8b75 0000 | 8bb2 f400 | 0000 83c6 | 0289 b2f4 | 0000 0081 | e6fe ff1f 
  0x0000758c60bcc874: 0085 f60f | 84b0 1200 | 0048 8bd0 

  0x0000758c60bcc880: ;   {metadata(method data for {method} {0x0000758c03338eb0} '<init>' '(Ljava/util/regex/Pattern$Node;)V' in 'java/util/regex/Pattern$Start')}
  0x0000758c60bcc880: 48be 9880 | 1df8 8b75 | 0000 4883 | 8638 0100 

  0x0000758c60bcc890: ;   {metadata(method data for {method} {0x0000758c033388f8} '<init>' '()V' in 'java/util/regex/Pattern$Node')}
  0x0000758c60bcc890: 0001 48ba | f879 0df8 | 8b75 0000 | 8bb2 f400 | 0000 83c6 | 0289 b2f4 | 0000 0081 | e6fe ff1f 
  0x0000758c60bcc8b0: 0085 f60f | 8495 1200 | 0048 8bd0 

  0x0000758c60bcc8bc: ;   {metadata(method data for {method} {0x0000758c033388f8} '<init>' '()V' in 'java/util/regex/Pattern$Node')}
  0x0000758c60bcc8bc: 48be f879 | 0df8 8b75 | 0000 4883 | 8638 0100 

  0x0000758c60bcc8cc: ;   {metadata(method data for {method} {0x0000758c03479be0} '<init>' '()V' in 'java/lang/Object')}
  0x0000758c60bcc8cc: 0001 48ba | 209e 00f8 | 8b75 0000 | 8bb2 f400 | 0000 83c6 | 0289 b2f4 | 0000 0081 | e6fe ff1f 
  0x0000758c60bcc8ec: 0085 f60f | 847a 1200 | 0041 0fbe | 5740 85d2 | 0f85 8e12 

  0x0000758c60bcc900: ;   {oop(a 'java/util/regex/Pattern$Node'{0x00000000e1669be8})}
  0x0000758c60bcc900: 0000 49ba | e89b 66e1 | 0000 0000 | 4489 500c 

  0x0000758c60bcc910: ;   {oop(a 'java/util/regex/Pattern$Node'{0x00000000e1669be8})}
  0x0000758c60bcc910: 48ba e89b | 66e1 0000 | 0000 488b | f048 33f2 | 48c1 ee14 | 4883 fe00 | 0f85 7d12 | 0000 410f 
  0x0000758c60bcc930: be57 4085 | d20f 8588 | 1200 004c | 8bd3 4489 | 500c 488b | d048 33d3 | 48c1 ea14 | 4883 fa00 
  0x0000758c60bcc950: 0f85 8812 

  0x0000758c60bcc954: ;   {metadata('java/util/regex/Pattern$TreeInfo')}
  0x0000758c60bcc954: 0000 48ba | e8da 3303 | 8c75 0000 | 4889 8424 | b000 0000 | 498b 87b8 | 0100 0048 | 8d78 1849 
  0x0000758c60bcc974: 3bbf c801 | 0000 0f87 | 7612 0000 | 4989 bfb8 | 0100 0048 | c700 0100 | 0000 488b | ca49 ba00 
  0x0000758c60bcc994: 0000 038c | 7500 0049 | 2bca 8948 | 0848 33c9 | 8948 0c48 | 33c9 4889 | 4810 488b 

  0x0000758c60bcc9b0: ;   {metadata(method data for {method} {0x0000758c03338eb0} '<init>' '(Ljava/util/regex/Pattern$Node;)V' in 'java/util/regex/Pattern$Start')}
  0x0000758c60bcc9b0: d048 be98 | 801d f88b | 7500 0048 | 8386 4801 

  0x0000758c60bcc9c0: ;   {metadata(method data for {method} {0x0000758c0333de28} '<init>' '()V' in 'java/util/regex/Pattern$TreeInfo')}
  0x0000758c60bcc9c0: 0000 0148 | ba70 821d | f88b 7500 | 008b b2f4 | 0000 0083 | c602 89b2 | f400 0000 | 81e6 feff 
  0x0000758c60bcc9e0: 1f00 85f6 | 0f84 1912 | 0000 488b 

  0x0000758c60bcc9ec: ;   {metadata(method data for {method} {0x0000758c0333de28} '<init>' '()V' in 'java/util/regex/Pattern$TreeInfo')}
  0x0000758c60bcc9ec: d048 be70 | 821d f88b | 7500 0048 | 8386 3801 

  0x0000758c60bcc9fc: ;   {metadata(method data for {method} {0x0000758c03479be0} '<init>' '()V' in 'java/lang/Object')}
  0x0000758c60bcc9fc: 0000 0148 | ba20 9e00 | f88b 7500 | 008b b2f4 | 0000 0083 | c602 89b2 | f400 0000 | 81e6 feff 
  0x0000758c60bcca1c: 1f00 85f6 | 0f84 fe11 | 0000 488b 

  0x0000758c60bcca28: ;   {metadata(method data for {method} {0x0000758c0333de28} '<init>' '()V' in 'java/util/regex/Pattern$TreeInfo')}
  0x0000758c60bcca28: d048 be70 | 821d f88b | 7500 0048 | 8386 4801 

  0x0000758c60bcca38: ;   {metadata(method data for {method} {0x0000758c0333de80} 'reset' '()V' in 'java/util/regex/Pattern$TreeInfo')}
  0x0000758c60bcca38: 0000 0148 | ba30 841d | f88b 7500 | 008b b2f4 | 0000 0083 | c602 89b2 | f400 0000 | 81e6 feff 
  0x0000758c60bcca58: 1f00 85f6 | 0f84 e311 | 0000 c640 | 1401 c640 | 1501 483b | 0348 8bd3 

  0x0000758c60bcca70: ;   {metadata(method data for {method} {0x0000758c03338eb0} '<init>' '(Ljava/util/regex/Pattern$Node;)V' in 'java/util/regex/Pattern$Start')}
  0x0000758c60bcca70: 48be 9880 | 1df8 8b75 | 0000 8b52 | 0849 ba00 | 0000 038c | 7500 0049 | 03d2 483b | 9668 0100 
  0x0000758c60bcca90: 0075 0d48 | 8386 7001 | 0000 01e9 | 6000 0000 | 483b 9678 | 0100 0075 | 0d48 8386 | 8001 0000 
  0x0000758c60bccab0: 01e9 4a00 | 0000 4883 | be68 0100 | 0000 7517 | 4889 9668 | 0100 0048 | c786 7001 | 0000 0100 
  0x0000758c60bccad0: 0000 e929 | 0000 0048 | 83be 7801 | 0000 0075 | 1748 8996 | 7801 0000 | 48c7 8680 | 0100 0001 
  0x0000758c60bccaf0: 0000 00e9 | 0800 0000 | 4883 8658 | 0100 0001 | 488b d048 | 8bf3 4889 | 8424 a800 | 0000 0f1f 
  0x0000758c60bccb10: 8000 0000 | 0048 b840 | f705 048c 

  0x0000758c60bccb1c: ;   {virtual_call}
  0x0000758c60bccb1c: 7500 00e8 

  0x0000758c60bccb20: ; ImmutableOopMap {[112]=Oop [168]=Oop [176]=Oop }
                      ;*invokevirtual study {reexecute=0 rethrow=0 return_oop=0}
                      ; - java.util.regex.Pattern$Start::<init>@22 (line 3777)
                      ; - java.util.regex.Pattern::compile@433 (line 1967)
  0x0000758c60bccb20: 1ce7 f2ff 

  0x0000758c60bccb24: ;   {other}
  0x0000758c60bccb24: 0f1f 8400 | 141f 000b | 488b 8424 | a800 0000 | 8b70 0c48 | 8b84 24b0 | 0000 0089 | 7010 488b 
  0x0000758c60bccb44: 7424 7041 | 0fbe 7f40 | 85ff 0f85 | 1711 0000 | 4c8b d044 | 8956 3448 | 8bfe 4833 | f848 c1ef 
  0x0000758c60bccb64: 1448 83ff | 000f 8517 | 1100 000f | be7e 2985 

  0x0000758c60bccb74: ;   {metadata(method data for {method} {0x0000758c030cd3b8} 'compile' '()V' in 'java/util/regex/Pattern')}
  0x0000758c60bccb74: ff48 bf38 | a11d f88b | 7500 0048 | bbf0 0700 | 0000 0000 | 0075 0a48 | bb00 0800 | 0000 0000 
  0x0000758c60bccb94: 0048 8b04 | 1f48 8d40 | 0148 8904 | 1f0f 8550 | 0800 008b | 7e4c 483b | 0748 8bdf 

  0x0000758c60bccbb0: ;   {metadata(method data for {method} {0x0000758c030cd3b8} 'compile' '()V' in 'java/util/regex/Pattern')}
  0x0000758c60bccbb0: 48b8 38a1 | 1df8 8b75 | 0000 8b5b | 0849 ba00 | 0000 038c | 7500 0049 | 03da 483b | 9820 0800 
  0x0000758c60bccbd0: 0075 0d48 | 8380 2808 | 0000 01e9 | 6000 0000 | 483b 9830 | 0800 0075 | 0d48 8380 | 3808 0000 
  0x0000758c60bccbf0: 01e9 4a00 | 0000 4883 | b820 0800 | 0000 7517 | 4889 9820 | 0800 0048 | c780 2808 | 0000 0100 
  0x0000758c60bccc10: 0000 e929 | 0000 0048 | 83b8 3008 | 0000 0075 | 1748 8998 | 3008 0000 | 48c7 8038 | 0800 0001 
  0x0000758c60bccc30: 0000 00e9 | 0800 0000 | 4883 8010 | 0800 0001 | 488b f766 | 9048 b850 | b70b 038c 

  0x0000758c60bccc4c: ;   {virtual_call}
  0x0000758c60bccc4c: 7500 00e8 

  0x0000758c60bccc50: ; ImmutableOopMap {[112]=Oop }
                      ;*invokeinterface iterator {reexecute=0 rethrow=0 return_oop=0}
                      ; - java.util.regex.Pattern::compile@450 (line 1975)
  0x0000758c60bccc50: ec8a ffff 

  0x0000758c60bccc54: ;   {other}
  0x0000758c60bccc54: 0f1f 8400 | 4420 000c | 4889 8424 | b800 0000 | e986 0400 | 000f 1f80 | 0000 0000 | 488b 8424 
  0x0000758c60bccc74: b800 0000 

  0x0000758c60bccc78: ;   {metadata(method data for {method} {0x0000758c030cd3b8} 'compile' '()V' in 'java/util/regex/Pattern')}
  0x0000758c60bccc78: 48be 38a1 | 1df8 8b75 | 0000 8b40 | 0849 ba00 | 0000 038c | 7500 0049 | 03c2 483b | 86b0 0800 
  0x0000758c60bccc98: 0075 0d48 | 8386 b808 | 0000 01e9 | 6000 0000 | 483b 86c0 | 0800 0075 | 0d48 8386 | c808 0000 
  0x0000758c60bcccb8: 01e9 4a00 | 0000 4883 | beb0 0800 | 0000 7517 | 4889 86b0 | 0800 0048 | c786 b808 | 0000 0100 
  0x0000758c60bcccd8: 0000 e929 | 0000 0048 | 83be c008 | 0000 0075 | 1748 8986 | c008 0000 | 48c7 86c8 | 0800 0001 
  0x0000758c60bcccf8: 0000 00e9 | 0800 0000 | 4883 86a0 | 0800 0001 | 488b b424 | b800 0000 | 0f1f 4400 | 0048 b8ff 
  0x0000758c60bccd18: ffff ffff 

  0x0000758c60bccd1c: ;   {virtual_call}
  0x0000758c60bccd1c: ffff ffe8 

  0x0000758c60bccd20: ; ImmutableOopMap {[112]=Oop [184]=Oop }
                      ;*invokeinterface next {reexecute=0 rethrow=0 return_oop=0}
                      ; - java.util.regex.Pattern::compile@466 (line 1975)
  0x0000758c60bccd20: 5c99 3b07 

  0x0000758c60bccd24: ;   {other}
  0x0000758c60bccd24: 0f1f 8400 | 1421 000d | 4885 c075 

  0x0000758c60bccd30: ;   {metadata(method data for {method} {0x0000758c030cd3b8} 'compile' '()V' in 'java/util/regex/Pattern')}
  0x0000758c60bccd30: 1648 bf38 | a11d f88b | 7500 0080 | 8fd1 0800 | 0001 e9cd 

  0x0000758c60bccd44: ;   {metadata('java/util/regex/Pattern$Node')}
  0x0000758c60bccd44: 0000 0048 | bb88 8433 | 038c 7500 | 008b 7808 | 49ba 0000 | 0003 8c75 | 0000 4903 | fa48 3b5f 
  0x0000758c60bccd64: 380f 858d 

  0x0000758c60bccd68: ;   {metadata(method data for {method} {0x0000758c030cd3b8} 'compile' '()V' in 'java/util/regex/Pattern')}
  0x0000758c60bccd68: 0000 0048 | bf38 a11d | f88b 7500 | 008b 5808 | 49ba 0000 | 0003 8c75 | 0000 4903 | da48 3b9f 
  0x0000758c60bccd88: e808 0000 | 750d 4883 | 87f0 0800 | 0001 e979 | 0000 0048 | 3b9f f808 | 0000 750d | 4883 8700 
  0x0000758c60bccda8: 0900 0001 | e963 0000 | 0048 83bf | e808 0000 | 0075 1748 | 899f e808 | 0000 48c7 | 87f0 0800 
  0x0000758c60bccdc8: 0001 0000 | 00e9 4200 | 0000 4883 | bff8 0800 | 0000 7517 | 4889 9ff8 | 0800 0048 | c787 0009 
  0x0000758c60bccde8: 0000 0100 | 0000 e921 | 0000 00e9 | 1c00 0000 

  0x0000758c60bccdf8: ;   {metadata(method data for {method} {0x0000758c030cd3b8} 'compile' '()V' in 'java/util/regex/Pattern')}
  0x0000758c60bccdf8: 48bf 38a1 | 1df8 8b75 | 0000 4883 | afd8 0800 | 0001 e994 | 0e00 00e9 | 0000 0000 | 488b d048 
  0x0000758c60bcce18: 85d2 7516 

  0x0000758c60bcce1c: ;   {metadata(method data for {method} {0x0000758c030cd3b8} 'compile' '()V' in 'java/util/regex/Pattern')}
  0x0000758c60bcce1c: 48bb 38a1 | 1df8 8b75 | 0000 808b | 0909 0000 | 01e9 f900 | 0000 660f | 1f44 0000 

  0x0000758c60bcce38: ;   {no_reloc}
  0x0000758c60bcce38: e97e 0e00 | 0000 0000 | 0000 8b5a | 0849 ba00 | 0000 038c | 7500 0049 | 03da 483b | d80f 8427 
  0x0000758c60bcce58: 0000 008b | 7814 483b | 043b 0f84 | 1a00 0000 | 83ff 200f | 859e 0000 

  0x0000758c60bcce70: ;   {runtime_call slow_subtype_check Runtime1 stub}
  0x0000758c60bcce70: 0053 50e8 | 889d 4707 | 5b58 85c0 | 0f84 8d00 

  0x0000758c60bcce80: ;   {metadata(method data for {method} {0x0000758c030cd3b8} 'compile' '()V' in 'java/util/regex/Pattern')}
  0x0000758c60bcce80: 0000 48bb | 38a1 1df8 | 8b75 0000 | 8b42 0849 | ba00 0000 | 038c 7500 | 0049 03c2 | 483b 8320 
  0x0000758c60bccea0: 0900 0075 | 0d48 8383 | 2809 0000 | 01e9 7e00 | 0000 483b | 8330 0900 | 0075 0d48 | 8383 3809 
  0x0000758c60bccec0: 0000 01e9 | 6800 0000 | 4883 bb20 | 0900 0000 | 7517 4889 | 8320 0900 | 0048 c783 | 2809 0000 
  0x0000758c60bccee0: 0100 0000 | e947 0000 | 0048 83bb | 3009 0000 | 0075 1748 | 8983 3009 | 0000 48c7 | 8338 0900 
  0x0000758c60bccf00: 0001 0000 | 00e9 2600 | 0000 e921 

  0x0000758c60bccf0c: ;   {metadata(method data for {method} {0x0000758c030cd3b8} 'compile' '()V' in 'java/util/regex/Pattern')}
  0x0000758c60bccf0c: 0000 0048 | bb38 a11d | f88b 7500 | 0048 83ab | 1009 0000 | 01e9 0500 | 0000 e905 | 0000 0048 
  0x0000758c60bccf2c: 33f6 eb0a | 48be 0100 | 0000 0000 | 0000 85f6 

  0x0000758c60bccf3c: ;   {metadata(method data for {method} {0x0000758c030cd3b8} 'compile' '()V' in 'java/util/regex/Pattern')}
  0x0000758c60bccf3c: 48be 38a1 | 1df8 8b75 | 0000 48bf | 4809 0000 | 0000 0000 | 740a 48bf | 5809 0000 | 0000 0000 
  0x0000758c60bccf5c: 488b 1c3e | 488d 5b01 | 4889 1c3e | 488b 7424 | 700f 8433 | 0100 0048 | 85d2 7516 

  0x0000758c60bccf78: ;   {metadata(method data for {method} {0x0000758c030cd3b8} 'compile' '()V' in 'java/util/regex/Pattern')}
  0x0000758c60bccf78: 48b8 38a1 | 1df8 8b75 | 0000 8088 | 6109 0000 | 01e9 f500 | 0000 6690 

  0x0000758c60bccf90: ;   {no_reloc}
  0x0000758c60bccf90: e93f 0d00 | 0000 0000 | 0000 8b42 | 0849 ba00 | 0000 038c | 7500 0049 | 03c2 483b | c10f 8427 
  0x0000758c60bccfb0: 0000 008b | 5914 483b | 0c18 0f84 | 1a00 0000 | 83fb 200f | 859e 0000 

  0x0000758c60bccfc8: ;   {runtime_call slow_subtype_check Runtime1 stub}
  0x0000758c60bccfc8: 0050 51e8 | 309c 4707 | 5859 85c9 | 0f84 8d00 

  0x0000758c60bccfd8: ;   {metadata(method data for {method} {0x0000758c030cd3b8} 'compile' '()V' in 'java/util/regex/Pattern')}
  0x0000758c60bccfd8: 0000 48b8 | 38a1 1df8 | 8b75 0000 | 8b4a 0849 | ba00 0000 | 038c 7500 | 0049 03ca | 483b 8878 
  0x0000758c60bccff8: 0900 0075 | 0d48 8380 | 8009 0000 | 01e9 7900 | 0000 483b | 8888 0900 | 0075 0d48 | 8380 9009 
  0x0000758c60bcd018: 0000 01e9 | 6300 0000 | 4883 b878 | 0900 0000 | 7517 4889 | 8878 0900 | 0048 c780 | 8009 0000 
  0x0000758c60bcd038: 0100 0000 | e942 0000 | 0048 83b8 | 8809 0000 | 0075 1748 | 8988 8809 | 0000 48c7 | 8090 0900 
  0x0000758c60bcd058: 0001 0000 | 00e9 2100 | 0000 e91c 

  0x0000758c60bcd064: ;   {metadata(method data for {method} {0x0000758c030cd3b8} 'compile' '()V' in 'java/util/regex/Pattern')}
  0x0000758c60bcd064: 0000 0048 | b838 a11d | f88b 7500 | 0048 83a8 | 6809 0000 | 01e9 600c | 0000 e900 | 0000 0048 
  0x0000758c60bcd084: 8bfa 8b56 | 1448 8bda | ffc3 895e | 1448 85ff | 0f84 4d0c | 0000 660f | 1f44 0000 

  0x0000758c60bcd0a0: ; implicit exception: dispatches to 0x0000758c60bcdcf4
  0x0000758c60bcd0a0: e95f 0c00 

  0x0000758c60bcd0a4: ;   {metadata(method data for {method} {0x0000758c030cd3b8} 'compile' '()V' in 'java/util/regex/Pattern')}
  0x0000758c60bcd0a4: 0090 48ba | 38a1 1df8 | 8b75 0000 | 8bba f800 | 0000 83c7 | 0289 baf8 | 0000 0081 | e7fe 3f00 
  0x0000758c60bcd0c4: 0085 ff0f | 8441 0c00 | 004d 8b97 

  0x0000758c60bcd0d0: ; ImmutableOopMap {rsi=Oop [112]=Oop [184]=Oop }
                      ;*goto {reexecute=1 rethrow=0 return_oop=0}
                      ; - (reexecute) java.util.regex.Pattern::compile@503 (line 1980)
  0x0000758c60bcd0d0: 5004 0000 

  0x0000758c60bcd0d4: ;   {poll}
  0x0000758c60bcd0d4: 4185 0248 | ba38 a11d | f88b 7500 | 00ff 82a0 | 0900 0048 | 8b84 24b8 | 0000 0048 | 3b00 488b 
  0x0000758c60bcd0f4: ;   {metadata(method data for {method} {0x0000758c030cd3b8} 'compile' '()V' in 'java/util/regex/Pattern')}
  0x0000758c60bcd0f4: f848 bb38 | a11d f88b | 7500 008b | 7f08 49ba | 0000 0003 | 8c75 0000 | 4903 fa48 | 3bbb 5808 
  0x0000758c60bcd114: 0000 750d | 4883 8360 | 0800 0001 | e960 0000 | 0048 3bbb | 6808 0000 | 750d 4883 | 8370 0800 
  0x0000758c60bcd134: 0001 e94a | 0000 0048 | 83bb 5808 | 0000 0075 | 1748 89bb | 5808 0000 | 48c7 8360 | 0800 0001 
  0x0000758c60bcd154: 0000 00e9 | 2900 0000 | 4883 bb68 | 0800 0000 | 7517 4889 | bb68 0800 | 0048 c783 | 7008 0000 
  0x0000758c60bcd174: 0100 0000 | e908 0000 | 0048 8383 | 4808 0000 | 0148 8bf0 | 0f1f 4400 | 0048 b860 | 7e18 038c 
  0x0000758c60bcd194: ;   {virtual_call}
  0x0000758c60bcd194: 7500 00e8 

  0x0000758c60bcd198: ; ImmutableOopMap {[112]=Oop [184]=Oop }
                      ;*invokeinterface hasNext {reexecute=0 rethrow=0 return_oop=0}
                      ; - java.util.regex.Pattern::compile@457 (line 1975)
  0x0000758c60bcd198: 0476 faff 

  0x0000758c60bcd19c: ;   {other}
  0x0000758c60bcd19c: 0f1f 8400 | 8c25 000f 

  0x0000758c60bcd1a4: ;   {metadata(method data for {method} {0x0000758c030cd3b8} 'compile' '()V' in 'java/util/regex/Pattern')}
  0x0000758c60bcd1a4: 85c0 48be | 38a1 1df8 | 8b75 0000 | 48bf 9008 | 0000 0000 | 0000 750a | 48bf 8008 | 0000 0000 
  0x0000758c60bcd1c4: 0000 488b | 1c3e 488d | 5b01 4889 | 1c3e 0f85 | 98fa ffff | 488b 7424 | 70e9 1502 | 0000 488b 
  0x0000758c60bcd1e4: ;   {metadata(method data for {method} {0x0000758c030cd3b8} 'compile' '()V' in 'java/util/regex/Pattern')}
  0x0000758c60bcd1e4: d648 bf38 | a11d f88b | 7500 0048 | 8387 9804 

  0x0000758c60bcd1f4: ;   {metadata(method data for {method} {0x0000758c030cda98} 'peek' '()I' in 'java/util/regex/Pattern')}
  0x0000758c60bcd1f4: 0000 0148 | ba98 ea04 | f88b 7500 | 008b baf4 | 0000 0083 | c702 89ba | f400 0000 | 81e7 feff 
  0x0000758c60bcd214: 1f00 85ff | 0f84 160b | 0000 8b56 | 503b 5a0c | 0f83 350b | 0000 4863 | db8b 549a | 1048 8bfe 
  0x0000758c60bcd234: ;   {metadata(method data for {method} {0x0000758c030cda98} 'peek' '()I' in 'java/util/regex/Pattern')}
  0x0000758c60bcd234: 48bb 98ea | 04f8 8b75 | 0000 4883 | 8338 0100 

  0x0000758c60bcd244: ;   {metadata(method data for {method} {0x0000758c030ce388} 'has' '(I)Z' in 'java/util/regex/Pattern')}
  0x0000758c60bcd244: 0001 48bf | e8de 04f8 | 8b75 0000 | 8b9f f400 | 0000 83c3 | 0289 9ff4 | 0000 0081 | e3fe ff1f 
  0x0000758c60bcd264: 0085 db0f | 8400 0b00 | 008b 7e10 | 83e7 0485 

  0x0000758c60bcd274: ;   {metadata(method data for {method} {0x0000758c030ce388} 'has' '(I)Z' in 'java/util/regex/Pattern')}
  0x0000758c60bcd274: ff48 bfe8 | de04 f88b | 7500 0048 | bb38 0100 | 0000 0000 | 0074 0a48 | bb48 0100 | 0000 0000 
  0x0000758c60bcd294: 0048 8b04 | 1f48 8d40 | 0148 8904 | 1f0f 841a 

  0x0000758c60bcd2a4: ;   {metadata(method data for {method} {0x0000758c030ce388} 'has' '(I)Z' in 'java/util/regex/Pattern')}
  0x0000758c60bcd2a4: 0000 0048 | bfe8 de04 | f88b 7500 | 00ff 8758 | 0100 00bf | 0100 0000 | e905 0000 | 00bf 0000 
  0x0000758c60bcd2c4: 0000 83e7 

  0x0000758c60bcd2c8: ;   {metadata(method data for {method} {0x0000758c030cda98} 'peek' '()I' in 'java/util/regex/Pattern')}
  0x0000758c60bcd2c8: 0185 ff48 | bf98 ea04 | f88b 7500 | 0048 bb70 | 0100 0000 | 0000 0074 | 0a48 bb80 | 0100 0000 
  0x0000758c60bcd2e8: 0000 0048 | 8b04 1f48 | 8d40 0148 | 8904 1f0f | 8432 0000 | 0048 8bfe 

  0x0000758c60bcd300: ;   {metadata(method data for {method} {0x0000758c030cda98} 'peek' '()I' in 'java/util/regex/Pattern')}
  0x0000758c60bcd300: 48bb 98ea | 04f8 8b75 | 0000 4883 | 8390 0100 | 0001 488b | fe48 8bf7 | 0f1f 8000 

  0x0000758c60bcd31c: ;   {optimized virtual_call}
  0x0000758c60bcd31c: 0000 00e8 

  0x0000758c60bcd320: ; ImmutableOopMap {[112]=Oop }
                      ;*invokevirtual peekPastWhitespace {reexecute=0 rethrow=0 return_oop=0}
                      ; - java.util.regex.Pattern::peek@20 (line 2071)
                      ; - java.util.regex.Pattern::compile@240 (line 1948)
  0x0000758c60bcd320: 5c90 3b07 

  0x0000758c60bcd324: ;   {other}
  0x0000758c60bcd324: 0f1f 8400 | 1427 0010 | 488b d083 

  0x0000758c60bcd330: ;   {metadata(method data for {method} {0x0000758c030cd3b8} 'compile' '()V' in 'java/util/regex/Pattern')}
  0x0000758c60bcd330: fa29 48ba | 38a1 1df8 | 8b75 0000 | 48be e004 | 0000 0000 | 0000 740a | 48be d004 | 0000 0000 
  0x0000758c60bcd350: 0000 488b | 3c32 488d | 7f01 4889 | 3c32 488b | 7424 700f | 847b 0100 | 008b 5620 | 8b7e 2448 
  0x0000758c60bcd370: 8bdf ffc3 

  0x0000758c60bcd374: ;   {metadata(method data for {method} {0x0000758c030cd3b8} 'compile' '()V' in 'java/util/regex/Pattern')}
  0x0000758c60bcd374: 3bd3 48ba | 38a1 1df8 | 8b75 0000 | 48bb 2805 | 0000 0000 | 0000 750a | 48bb 3805 | 0000 0000 
  0x0000758c60bcd394: 0000 488b | 041a 488d | 4001 4889 | 041a 0f85 | ca00 0000 | 8b56 50ff | cf3b 7a0c | 0f83 e209 
  0x0000758c60bcd3b4: 0000 4863 | ff8b 54ba | 1083 fa5c 

  0x0000758c60bcd3c0: ;   {metadata(method data for {method} {0x0000758c030cd3b8} 'compile' '()V' in 'java/util/regex/Pattern')}
  0x0000758c60bcd3c0: 48ba 38a1 | 1df8 8b75 | 0000 48bf | 4805 0000 | 0000 0000 | 750a 48bf | 5805 0000 | 0000 0000 
  0x0000758c60bcd3e0: 488b 1c3a | 488d 5b01 | 4889 1c3a | 0f85 8000 | 0000 e9b5 | 0000 0041 | 0fbe 5740 | 85d2 0f85 
  0x0000758c60bcd400: a209 0000 | c746 5000 | 0000 0041 | 0fbe 5740 | 85d2 0f85 | a909 0000 | c746 3c00 | 0000 0041 
  0x0000758c60bcd420: 0fbe 5740 | 85d2 0f85 | b009 0000 | c746 4800 | 0000 00c7 | 4624 0000 | 0000 ba01 | 0000 0088 
  0x0000758c60bcd440: 5628 f083 | 4424 c000 | 410f be57 | 4085 d20f | 85a2 0900 | 00c7 464c | 0000 0000 | 4881 c4d0 
  0x0000758c60bcd460: 0000 005d 

  0x0000758c60bcd464: ;   {poll_return}
  0x0000758c60bcd464: 493b a748 | 0400 000f | 87a1 0900 | 00c3 488b 

  0x0000758c60bcd474: ;   {metadata(method data for {method} {0x0000758c030cd3b8} 'compile' '()V' in 'java/util/regex/Pattern')}
  0x0000758c60bcd474: d648 bf38 | a11d f88b | 7500 0048 | 8387 a005 

  0x0000758c60bcd484: ;   {oop("Unexpected internal error"{0x00000000ffe060d0})}
  0x0000758c60bcd484: 0000 0148 | bad0 60e0 | ff00 0000 | 0066 0f1f 

  0x0000758c60bcd494: ;   {optimized virtual_call}
  0x0000758c60bcd494: 4400 00e8 

  0x0000758c60bcd498: ; ImmutableOopMap {}
                      ;*invokevirtual error {reexecute=0 rethrow=0 return_oop=0}
                      ; - java.util.regex.Pattern::compile@297 (line 1953)
  0x0000758c60bcd498: e48e 3b07 

  0x0000758c60bcd49c: ;   {other}
  0x0000758c60bcd49c: 0f1f 8400 | 8c28 0011 

  0x0000758c60bcd4a4: ; implicit exception: dispatches to 0x0000758c60bcde28
  0x0000758c60bcd4a4: 483b 00e9 | ad09 0000 

  0x0000758c60bcd4ac: ;   {metadata(method data for {method} {0x0000758c030cd3b8} 'compile' '()V' in 'java/util/regex/Pattern')}
  0x0000758c60bcd4ac: 488b d648 | bf38 a11d | f88b 7500 | 0048 8387 | 6805 0000 

  0x0000758c60bcd4c0: ;   {oop("Unescaped trailing backslash"{0x00000000ffe740e8})}
  0x0000758c60bcd4c0: 0148 bae8 | 40e7 ff00 | 0000 000f 

  0x0000758c60bcd4cc: ;   {optimized virtual_call}
  0x0000758c60bcd4cc: 1f40 00e8 

  0x0000758c60bcd4d0: ; ImmutableOopMap {}
                      ;*invokevirtual error {reexecute=0 rethrow=0 return_oop=0}
                      ; - java.util.regex.Pattern::compile@289 (line 1951)
  0x0000758c60bcd4d0: ac8e 3b07 

  0x0000758c60bcd4d4: ;   {other}
  0x0000758c60bcd4d4: 0f1f 8400 | c428 0012 

  0x0000758c60bcd4dc: ; implicit exception: dispatches to 0x0000758c60bcde2d
  0x0000758c60bcd4dc: 483b 00e9 | 7509 0000 

  0x0000758c60bcd4e4: ;   {metadata(method data for {method} {0x0000758c030cd3b8} 'compile' '()V' in 'java/util/regex/Pattern')}
  0x0000758c60bcd4e4: 488b d648 | bf38 a11d | f88b 7500 | 0048 8387 | f004 0000 

  0x0000758c60bcd4f8: ;   {oop("Unmatched closing ')'"{0x00000000ffe47840})}
  0x0000758c60bcd4f8: 0148 ba40 | 78e4 ff00 | 0000 000f 

  0x0000758c60bcd504: ;   {optimized virtual_call}
  0x0000758c60bcd504: 1f40 00e8 

  0x0000758c60bcd508: ; ImmutableOopMap {}
                      ;*invokevirtual error {reexecute=0 rethrow=0 return_oop=0}
                      ; - java.util.regex.Pattern::compile@252 (line 1949)
  0x0000758c60bcd508: 748e 3b07 

  0x0000758c60bcd50c: ;   {other}
  0x0000758c60bcd50c: 0f1f 8400 | fc28 0013 

  0x0000758c60bcd514: ; implicit exception: dispatches to 0x0000758c60bcde32
  0x0000758c60bcd514: 483b 00e9 | 3d09 0000 

  0x0000758c60bcd51c: ;   {metadata({method} {0x0000758c030cd3b8} 'compile' '()V' in 'java/util/regex/Pattern')}
  0x0000758c60bcd51c: 49ba b8d3 | 0c03 8c75 | 0000 4c89 | 5424 0848 | c704 24ff 

  0x0000758c60bcd530: ;   {runtime_call counter_overflow Runtime1 stub}
  0x0000758c60bcd530: ffff ffe8 

  0x0000758c60bcd534: ; ImmutableOopMap {rsi=Oop [112]=Oop }
                      ;*synchronization entry
                      ; - java.util.regex.Pattern::compile@-1 (line 1906)
  0x0000758c60bcd534: c8bd 4707 | e92e dcff 

  0x0000758c60bcd53c: ;   {metadata({method} {0x0000758c030ce388} 'has' '(I)Z' in 'java/util/regex/Pattern')}
  0x0000758c60bcd53c: ff49 ba88 | e30c 038c | 7500 004c | 8954 2408 | 48c7 0424 | ffff ffff 

  0x0000758c60bcd554: ;   {runtime_call counter_overflow Runtime1 stub}
  0x0000758c60bcd554: e8a7 bd47 

  0x0000758c60bcd558: ; ImmutableOopMap {rsi=Oop [112]=Oop }
                      ;*synchronization entry
                      ; - java.util.regex.Pattern::has@-1 (line 2043)
                      ; - java.util.regex.Pattern::compile@4 (line 1906)
  0x0000758c60bcd558: 07e9 49dc 

  0x0000758c60bcd55c: ;   {metadata({method} {0x0000758c030ce388} 'has' '(I)Z' in 'java/util/regex/Pattern')}
  0x0000758c60bcd55c: ffff 49ba | 88e3 0c03 | 8c75 0000 | 4c89 5424 | 0848 c704 | 24ff ffff 

  0x0000758c60bcd574: ;   {runtime_call counter_overflow Runtime1 stub}
  0x0000758c60bcd574: ffe8 86bd 

  0x0000758c60bcd578: ; ImmutableOopMap {rsi=Oop [112]=Oop }
                      ;*synchronization entry
                      ; - java.util.regex.Pattern::has@-1 (line 2043)
                      ; - java.util.regex.Pattern::compile@13 (line 1906)
  0x0000758c60bcd578: 4707 e9f9 | dcff ff8b | 5e30 4883 | fb00 0f84 | 89dd ffff | 4889 1c24 

  0x0000758c60bcd590: ;   {runtime_call g1_pre_barrier_slow}
  0x0000758c60bcd590: e86b 1f48 | 07e9 7bdd | ffff 4883 | ff00 0f84 | 8cdd ffff | 4889 3424 

  0x0000758c60bcd5a8: ;   {runtime_call g1_post_barrier_slow}
  0x0000758c60bcd5a8: e8d3 1448 | 07e9 7edd | ffff 8b4e | 3048 83f9 | 000f 84af | ddff ff48 

  0x0000758c60bcd5c0: ;   {runtime_call g1_pre_barrier_slow}
  0x0000758c60bcd5c0: 890c 24e8 | 381f 4807 | e9a1 ddff | ff48 83f8 | 000f 84b2 | ddff ff48 

  0x0000758c60bcd5d8: ;   {runtime_call g1_post_barrier_slow}
  0x0000758c60bcd5d8: 8934 24e8 | a014 4807 | e9a4 ddff 

  0x0000758c60bcd5e4: ;   {runtime_call throw_null_pointer_exception Runtime1 stub}
  0x0000758c60bcd5e4: ffe8 166c 

  0x0000758c60bcd5e8: ; ImmutableOopMap {rsi=Oop rcx=Oop [112]=Oop }
                      ;*invokevirtual length {reexecute=0 rethrow=0 return_oop=0}
                      ; - java.util.regex.Pattern::compile@46 (line 1911)
                      ;   {metadata({method} {0x0000758c0300ed30} 'length' '()I' in 'java/lang/String')}
  0x0000758c60bcd5e8: 4707 49ba | 30ed 0003 | 8c75 0000 | 4c89 5424 | 0848 c704 | 24ff ffff 

  0x0000758c60bcd600: ;   {runtime_call counter_overflow Runtime1 stub}
  0x0000758c60bcd600: ffe8 fabc 

  0x0000758c60bcd604: ; ImmutableOopMap {rsi=Oop rcx=Oop [112]=Oop }
                      ;*synchronization entry
                      ; - java.lang.String::length@-1 (line 1519)
                      ; - java.util.regex.Pattern::compile@46 (line 1911)
  0x0000758c60bcd604: 4707 e9d0 

  0x0000758c60bcd608: ;   {runtime_call throw_null_pointer_exception Runtime1 stub}
  0x0000758c60bcd608: ddff ffe8 

  0x0000758c60bcd60c: ; ImmutableOopMap {rsi=Oop rcx=Oop [112]=Oop }
                      ;*arraylength {reexecute=0 rethrow=0 return_oop=0}
                      ; - java.lang.String::length@4 (line 1519)
                      ; - java.util.regex.Pattern::compile@46 (line 1911)
  0x0000758c60bcd60c: f06b 4707 

  0x0000758c60bcd610: ;   {metadata({method} {0x0000758c03459d98} 'coder' '()B' in 'java/lang/String')}
  0x0000758c60bcd610: 49ba 989d | 4503 8c75 | 0000 4c89 | 5424 0848 | c704 24ff 

  0x0000758c60bcd624: ;   {runtime_call counter_overflow Runtime1 stub}
  0x0000758c60bcd624: ffff ffe8 

  0x0000758c60bcd628: ; ImmutableOopMap {rsi=Oop rcx=Oop [112]=Oop }
                      ;*synchronization entry
                      ; - java.lang.String::coder@-1 (line 4813)
                      ; - java.lang.String::length@6 (line 1519)
                      ; - java.util.regex.Pattern::compile@46 (line 1911)
  0x0000758c60bcd628: d4bc 4707 | e9ec ddff 

  0x0000758c60bcd630: ;   {runtime_call new_type_array Runtime1 stub}
  0x0000758c60bcd630: ffe8 ca7a 

  0x0000758c60bcd634: ; ImmutableOopMap {r8=Oop [112]=Oop }
                      ;*newarray {reexecute=0 rethrow=0 return_oop=0}
                      ; - java.util.regex.Pattern::compile@59 (line 1915)
  0x0000758c60bcd634: 4707 e9a3 | deff ff41 | 8b50 5048 | 83fa 000f | 84a2 deff | ff48 8914 

  0x0000758c60bcd64c: ;   {runtime_call g1_pre_barrier_slow}
  0x0000758c60bcd64c: 24e8 ae1e | 4807 e994 | deff ff48 | 83f8 000f | 84a5 deff | ff4c 8904 

  0x0000758c60bcd664: ;   {runtime_call g1_post_barrier_slow}
  0x0000758c60bcd664: 24e8 1614 | 4807 e997 

  0x0000758c60bcd66c: ;   {runtime_call throw_null_pointer_exception Runtime1 stub}
  0x0000758c60bcd66c: deff ffe8 

  0x0000758c60bcd670: ; ImmutableOopMap {r8=Oop rsi=Oop [112]=Oop }
                      ;*invokevirtual codePointAt {reexecute=0 rethrow=0 return_oop=0}
                      ; - java.util.regex.Pattern::compile@86 (line 1921)
  0x0000758c60bcd670: 8c6b 4707 

  0x0000758c60bcd674: ;   {metadata({method} {0x0000758c030ce3e0} 'isSupplementary' '(I)Z' in 'java/util/regex/Pattern')}
  0x0000758c60bcd674: 49ba e0e3 | 0c03 8c75 | 0000 4c89 | 5424 0848 | c704 24ff 

  0x0000758c60bcd688: ;   {runtime_call counter_overflow Runtime1 stub}
  0x0000758c60bcd688: ffff ffe8 

  0x0000758c60bcd68c: ; ImmutableOopMap {[112]=Oop }
                      ;*synchronization entry
                      ; - java.util.regex.Pattern::isSupplementary@-1 (line 2224)
                      ; - java.util.regex.Pattern::compile@91 (line 1922)
  0x0000758c60bcd68c: 70bc 4707 | e930 dfff 

  0x0000758c60bcd694: ;   {metadata({method} {0x0000758c03426fd8} 'isSurrogate' '(C)Z' in 'java/lang/Character')}
  0x0000758c60bcd694: ff49 bad8 | 6f42 038c | 7500 004c | 8954 2408 | 48c7 0424 | ffff ffff 

  0x0000758c60bcd6ac: ;   {runtime_call counter_overflow Runtime1 stub}
  0x0000758c60bcd6ac: e84f bc47 

  0x0000758c60bcd6b0: ; ImmutableOopMap {[112]=Oop }
                      ;*synchronization entry
                      ; - java.lang.Character::isSurrogate@-1 (line 9230)
                      ; - java.util.regex.Pattern::isSupplementary@9 (line 2225)
                      ; - java.util.regex.Pattern::compile@91 (line 1922)
  0x0000758c60bcd6b0: 07e9 88df 

  0x0000758c60bcd6b4: ;   {runtime_call throw_null_pointer_exception Runtime1 stub}
  0x0000758c60bcd6b4: ffff e845 

  0x0000758c60bcd6b8: ; ImmutableOopMap {rsi=Oop rdi=Oop [112]=Oop }
                      ;*iastore {reexecute=0 rethrow=0 return_oop=0}
                      ; - java.util.regex.Pattern::compile@111 (line 1925)
                      ;   {runtime_call throw_null_pointer_exception Runtime1 stub}
  0x0000758c60bcd6b8: 6b47 07e8 

  0x0000758c60bcd6bc: ; ImmutableOopMap {rsi=Oop rdi=Oop [112]=Oop }
                      ;*iastore {reexecute=0 rethrow=0 return_oop=0}
                      ; - java.util.regex.Pattern::compile@111 (line 1925)
  0x0000758c60bcd6bc: 406b 4707 | 4889 1c24 | 4889 7c24 

  0x0000758c60bcd6c8: ;   {runtime_call throw_range_check_failed Runtime1 stub}
  0x0000758c60bcd6c8: 08e8 3262 

  0x0000758c60bcd6cc: ; ImmutableOopMap {rsi=Oop rdi=Oop [112]=Oop }
                      ;*iastore {reexecute=0 rethrow=0 return_oop=0}
                      ; - java.util.regex.Pattern::compile@111 (line 1925)
                      ;   {metadata({method} {0x0000758c03425928} 'charCount' '(I)I' in 'java/lang/Character')}
  0x0000758c60bcd6cc: 4707 49ba | 2859 4203 | 8c75 0000 | 4c89 5424 | 0848 c704 | 24ff ffff 

  0x0000758c60bcd6e4: ;   {runtime_call counter_overflow Runtime1 stub}
  0x0000758c60bcd6e4: ffe8 16bc 

  0x0000758c60bcd6e8: ; ImmutableOopMap {rsi=Oop [112]=Oop }
                      ;*synchronization entry
                      ; - java.lang.Character::charCount@-1 (line 9272)
                      ; - java.util.regex.Pattern::compile@114 (line 1920)
  0x0000758c60bcd6e8: 4707 e9d7 

  0x0000758c60bcd6ec: ;   {metadata({method} {0x0000758c030cd3b8} 'compile' '()V' in 'java/util/regex/Pattern')}
  0x0000758c60bcd6ec: e0ff ff49 | bab8 d30c | 038c 7500 | 004c 8954 | 2408 48c7 | 0424 7700 

  0x0000758c60bcd704: ;   {runtime_call counter_overflow Runtime1 stub}
  0x0000758c60bcd704: 0000 e8f5 

  0x0000758c60bcd708: ; ImmutableOopMap {rsi=Oop [112]=Oop }
                      ;*goto {reexecute=1 rethrow=0 return_oop=0}
                      ; - (reexecute) java.util.regex.Pattern::compile@119 (line 1920)
  0x0000758c60bcd708: bb47 07e9 | 36e1 ffff 

  0x0000758c60bcd710: ;   {metadata({method} {0x0000758c030ce388} 'has' '(I)Z' in 'java/util/regex/Pattern')}
  0x0000758c60bcd710: 49ba 88e3 | 0c03 8c75 | 0000 4c89 | 5424 0848 | c704 24ff 

  0x0000758c60bcd724: ;   {runtime_call counter_overflow Runtime1 stub}
  0x0000758c60bcd724: ffff ffe8 

  0x0000758c60bcd728: ; ImmutableOopMap {rsi=Oop [112]=Oop }
                      ;*synchronization entry
                      ; - java.util.regex.Pattern::has@-1 (line 2043)
                      ; - java.util.regex.Pattern::compile@130 (line 1930)
  0x0000758c60bcd728: d4bb 4707 | e984 e1ff 

  0x0000758c60bcd730: ;   {runtime_call new_type_array Runtime1 stub}
  0x0000758c60bcd730: ffe8 ca79 

  0x0000758c60bcd734: ; ImmutableOopMap {r8=Oop [112]=Oop }
                      ;*newarray {reexecute=0 rethrow=0 return_oop=0}
                      ; - java.util.regex.Pattern::compile@143 (line 1934)
  0x0000758c60bcd734: 4707 e9d2 | e2ff ff41 | 8b58 3c48 | 83fb 000f | 84d1 e2ff | ff48 891c 

  0x0000758c60bcd74c: ;   {runtime_call g1_pre_barrier_slow}
  0x0000758c60bcd74c: 24e8 ae1d | 4807 e9c3 | e2ff ff48 | 83f8 000f | 84d4 e2ff | ff4c 8904 

  0x0000758c60bcd764: ;   {runtime_call g1_post_barrier_slow}
  0x0000758c60bcd764: 24e8 1613 | 4807 e9c6 

  0x0000758c60bcd76c: ;   {runtime_call new_object_array Runtime1 stub}
  0x0000758c60bcd76c: e2ff ffe8 

  0x0000758c60bcd770: ; ImmutableOopMap {r8=Oop [112]=Oop }
                      ;*anewarray {reexecute=0 rethrow=0 return_oop=0}
                      ; - java.util.regex.Pattern::compile@151 (line 1935)
  0x0000758c60bcd770: 8c7c 4707 | e94d e3ff | ff41 8b50 | 4848 83fa | 000f 844c | e3ff ff48 

  0x0000758c60bcd788: ;   {runtime_call g1_pre_barrier_slow}
  0x0000758c60bcd788: 8914 24e8 | 701d 4807 | e93e e3ff | ff48 83f8 | 000f 844f | e3ff ff4c 

  0x0000758c60bcd7a0: ;   {runtime_call g1_post_barrier_slow}
  0x0000758c60bcd7a0: 8904 24e8 | d812 4807 | e941 e3ff | ff41 8b70 | 4448 83fe | 000f 844a | e3ff ff48 

  0x0000758c60bcd7bc: ;   {runtime_call g1_pre_barrier_slow}
  0x0000758c60bcd7bc: 8934 24e8 | 3c1d 4807 | e93c e3ff | ff48 83fa | 000f 8453 | e3ff ff4c 

  0x0000758c60bcd7d4: ;   {runtime_call g1_post_barrier_slow}
  0x0000758c60bcd7d4: 8904 24e8 | a412 4807 | e945 e3ff | ff48 8bd2 

  0x0000758c60bcd7e4: ;   {runtime_call fast_new_instance Runtime1 stub}
  0x0000758c60bcd7e4: e817 7347 

  0x0000758c60bcd7e8: ; ImmutableOopMap {r8=Oop [112]=Oop }
                      ;*new {reexecute=0 rethrow=0 return_oop=0}
                      ; - java.util.regex.Pattern::compile@163 (line 1937)
  0x0000758c60bcd7e8: 07e9 88e3 | ffff 8b56 | 4c48 83fa | 000f 84c3 | e3ff ff48 

  0x0000758c60bcd7fc: ;   {runtime_call g1_pre_barrier_slow}
  0x0000758c60bcd7fc: 8914 24e8 | fc1c 4807 | e9b5 e3ff | ff48 83f8 | 000f 84ce | e3ff ff48 

  0x0000758c60bcd814: ;   {runtime_call g1_post_barrier_slow}
  0x0000758c60bcd814: 8934 24e8 | 6412 4807 | e9c0 e3ff 

  0x0000758c60bcd820: ;   {metadata({method} {0x0000758c030ce388} 'has' '(I)Z' in 'java/util/regex/Pattern')}
  0x0000758c60bcd820: ff49 ba88 | e30c 038c | 7500 004c | 8954 2408 | 48c7 0424 | ffff ffff 

  0x0000758c60bcd838: ;   {runtime_call counter_overflow Runtime1 stub}
  0x0000758c60bcd838: e8c3 ba47 

  0x0000758c60bcd83c: ; ImmutableOopMap {rsi=Oop [112]=Oop }
                      ;*synchronization entry
                      ; - java.util.regex.Pattern::has@-1 (line 2043)
                      ; - java.util.regex.Pattern::compile@178 (line 1939)
  0x0000758c60bcd83c: 07e9 dbe3 | ffff 8b56 | 3848 83fa | 000f 84a7 | e4ff ff48 

  0x0000758c60bcd850: ;   {runtime_call g1_pre_barrier_slow}
  0x0000758c60bcd850: 8914 24e8 | a81c 4807 | e999 e4ff | ff48 83f8 | 000f 84aa | e4ff ff48 

  0x0000758c60bcd868: ;   {runtime_call g1_post_barrier_slow}
  0x0000758c60bcd868: 8934 24e8 | 1012 4807 | e99c e4ff | ff8b 500c | 4883 fa00 | 0f84 9ce4 | ffff 4889 

  0x0000758c60bcd884: ;   {runtime_call g1_pre_barrier_slow}
  0x0000758c60bcd884: 1424 e875 | 1c48 07e9 | 8ee4 ffff 

  0x0000758c60bcd890: ;   {runtime_call throw_null_pointer_exception Runtime1 stub}
  0x0000758c60bcd890: e86b 6947 

  0x0000758c60bcd894: ; ImmutableOopMap {rax=Oop rsi=Oop [112]=Oop }
                      ;*putfield next {reexecute=1 rethrow=0 return_oop=0}
                      ; - (reexecute) java.util.regex.Pattern::compile@211 (line 1942)
  0x0000758c60bcd894: 0748 83fa | 000f 84ab | e4ff ff48 

  0x0000758c60bcd8a0: ;   {runtime_call g1_post_barrier_slow}
  0x0000758c60bcd8a0: 8904 24e8 | d811 4807 | e99d e4ff | ff8b 7e38 | 4883 ff00 | 0f84 ece4 | ffff 4889 

  0x0000758c60bcd8bc: ;   {runtime_call g1_pre_barrier_slow}
  0x0000758c60bcd8bc: 3c24 e83d | 1c48 07e9 | dee4 ffff | 4883 f800 | 0f84 efe4 | ffff 4889 

  0x0000758c60bcd8d4: ;   {runtime_call g1_post_barrier_slow}
  0x0000758c60bcd8d4: 3424 e8a5 | 1148 07e9 | e1e4 ffff | 8b56 3448 | 83fa 000f | 8461 e6ff | ff48 8914 

  0x0000758c60bcd8f0: ;   {runtime_call g1_pre_barrier_slow}
  0x0000758c60bcd8f0: 24e8 0a1c | 4807 e953 | e6ff ff48 | 83f8 000f | 8464 e6ff | ff48 8934 

  0x0000758c60bcd908: ;   {runtime_call g1_post_barrier_slow}
  0x0000758c60bcd908: 24e8 7211 | 4807 e956 | e6ff ff48 

  0x0000758c60bcd914: ;   {runtime_call fast_new_instance Runtime1 stub}
  0x0000758c60bcd914: 8bd2 e8e5 

  0x0000758c60bcd918: ; ImmutableOopMap {rbx=Oop [112]=Oop }
                      ;*new {reexecute=0 rethrow=0 return_oop=0}
                      ; - java.util.regex.Pattern::compile@341 (line 1962)
  0x0000758c60bcd918: 7147 07e9 | 09e7 ffff 

  0x0000758c60bcd920: ;   {metadata({method} {0x0000758c03339f88} '<init>' '(Ljava/util/regex/Pattern$Node;)V' in 'java/util/regex/Pattern$StartS')}
  0x0000758c60bcd920: 49ba 889f | 3303 8c75 | 0000 4c89 | 5424 0848 | c704 24ff 

  0x0000758c60bcd934: ;   {runtime_call counter_overflow Runtime1 stub}
  0x0000758c60bcd934: ffff ffe8 

  0x0000758c60bcd938: ; ImmutableOopMap {rbx=Oop rax=Oop [112]=Oop }
                      ;*synchronization entry
                      ; - java.util.regex.Pattern$StartS::<init>@-1 (line 3810)
                      ; - java.util.regex.Pattern::compile@349 (line 1962)
  0x0000758c60bcd938: c4b9 4707 | e924 e7ff | ff48 8bd2 

  0x0000758c60bcd944: ;   {runtime_call fast_new_instance Runtime1 stub}
  0x0000758c60bcd944: e8b7 7147 

  0x0000758c60bcd948: ; ImmutableOopMap {rbx=Oop [112]=Oop }
                      ;*new {reexecute=0 rethrow=0 return_oop=0}
                      ; - java.util.regex.Pattern::compile@355 (line 1962)
  0x0000758c60bcd948: 07e9 bbe7 

  0x0000758c60bcd94c: ;   {metadata({method} {0x0000758c03338eb0} '<init>' '(Ljava/util/regex/Pattern$Node;)V' in 'java/util/regex/Pattern$Start')}
  0x0000758c60bcd94c: ffff 49ba | b08e 3303 | 8c75 0000 | 4c89 5424 | 0848 c704 | 24ff ffff 

  0x0000758c60bcd964: ;   {runtime_call counter_overflow Runtime1 stub}
  0x0000758c60bcd964: ffe8 96b9 

  0x0000758c60bcd968: ; ImmutableOopMap {rbx=Oop rax=Oop [112]=Oop }
                      ;*synchronization entry
                      ; - java.util.regex.Pattern$Start::<init>@-1 (line 3774)
                      ; - java.util.regex.Pattern::compile@363 (line 1962)
  0x0000758c60bcd968: 4707 e9d6 

  0x0000758c60bcd96c: ;   {metadata({method} {0x0000758c033388f8} '<init>' '()V' in 'java/util/regex/Pattern$Node')}
  0x0000758c60bcd96c: e7ff ff49 | baf8 8833 | 038c 7500 | 004c 8954 | 2408 48c7 | 0424 ffff 

  0x0000758c60bcd984: ;   {runtime_call counter_overflow Runtime1 stub}
  0x0000758c60bcd984: ffff e875 

  0x0000758c60bcd988: ; ImmutableOopMap {rbx=Oop rax=Oop [112]=Oop }
                      ;*synchronization entry
                      ; - java.util.regex.Pattern$Node::<init>@-1 (line 3726)
                      ; - java.util.regex.Pattern$Start::<init>@1 (line 3774)
                      ; - java.util.regex.Pattern::compile@363 (line 1962)
  0x0000758c60bcd988: b947 07e9 | f1e7 ffff 

  0x0000758c60bcd990: ;   {metadata({method} {0x0000758c03479be0} '<init>' '()V' in 'java/lang/Object')}
  0x0000758c60bcd990: 49ba e09b | 4703 8c75 | 0000 4c89 | 5424 0848 | c704 24ff 

  0x0000758c60bcd9a4: ;   {runtime_call counter_overflow Runtime1 stub}
  0x0000758c60bcd9a4: ffff ffe8 

  0x0000758c60bcd9a8: ; ImmutableOopMap {rbx=Oop rax=Oop [112]=Oop }
                      ;*synchronization entry
                      ; - java.lang.Object::<init>@-1 (line 45)
                      ; - java.util.regex.Pattern$Node::<init>@1 (line 3726)
                      ; - java.util.regex.Pattern$Start::<init>@1 (line 3774)
                      ; - java.util.regex.Pattern::compile@363 (line 1962)
  0x0000758c60bcd9a8: 54b9 4707 | e90c e8ff | ff8b 500c | 4883 fa00 | 0f84 0ce8 | ffff 4889 

  0x0000758c60bcd9c0: ;   {runtime_call g1_pre_barrier_slow}
  0x0000758c60bcd9c0: 1424 e839 | 1b48 07e9 | fee7 ffff | 4883 fa00 | 0f84 20e8 | ffff 4889 

  0x0000758c60bcd9d8: ;   {runtime_call g1_post_barrier_slow}
  0x0000758c60bcd9d8: 0424 e8a1 | 1048 07e9 | 12e8 ffff | 8b50 0c48 | 83fa 000f | 8412 e8ff | ff48 8914 

  0x0000758c60bcd9f4: ;   {runtime_call g1_pre_barrier_slow}
  0x0000758c60bcd9f4: 24e8 061b | 4807 e904 | e8ff ff48 | 83fb 000f | 8415 e8ff | ff48 8904 

  0x0000758c60bcda0c: ;   {runtime_call g1_post_barrier_slow}
  0x0000758c60bcda0c: 24e8 6e10 | 4807 e907 | e8ff ff48 

  0x0000758c60bcda18: ;   {runtime_call fast_new_instance Runtime1 stub}
  0x0000758c60bcda18: 8bd2 e8e1 

  0x0000758c60bcda1c: ; ImmutableOopMap {rbx=Oop [112]=Oop [152]=Oop }
                      ;*new {reexecute=0 rethrow=0 return_oop=0}
                      ; - java.util.regex.Pattern$Start::<init>@9 (line 3776)
                      ; - java.util.regex.Pattern::compile@363 (line 1962)
  0x0000758c60bcda1c: 7047 07e9 | 52e8 ffff 

  0x0000758c60bcda24: ;   {metadata({method} {0x0000758c0333de28} '<init>' '()V' in 'java/util/regex/Pattern$TreeInfo')}
  0x0000758c60bcda24: 49ba 28de | 3303 8c75 | 0000 4c89 | 5424 0848 | c704 24ff 

  0x0000758c60bcda38: ;   {runtime_call counter_overflow Runtime1 stub}
  0x0000758c60bcda38: ffff ffe8 

  0x0000758c60bcda3c: ; ImmutableOopMap {rbx=Oop rax=Oop [112]=Oop [152]=Oop }
                      ;*synchronization entry
                      ; - java.util.regex.Pattern$TreeInfo::<init>@-1 (line 2022)
                      ; - java.util.regex.Pattern$Start::<init>@13 (line 3776)
                      ; - java.util.regex.Pattern::compile@363 (line 1962)
  0x0000758c60bcda3c: c0b8 4707 | e96d e8ff 

  0x0000758c60bcda44: ;   {metadata({method} {0x0000758c03479be0} '<init>' '()V' in 'java/lang/Object')}
  0x0000758c60bcda44: ff49 bae0 | 9b47 038c | 7500 004c | 8954 2408 | 48c7 0424 | ffff ffff 

  0x0000758c60bcda5c: ;   {runtime_call counter_overflow Runtime1 stub}
  0x0000758c60bcda5c: e89f b847 

  0x0000758c60bcda60: ; ImmutableOopMap {rbx=Oop rax=Oop [112]=Oop [152]=Oop }
                      ;*synchronization entry
                      ; - java.lang.Object::<init>@-1 (line 45)
                      ; - java.util.regex.Pattern$TreeInfo::<init>@1 (line 2022)
                      ; - java.util.regex.Pattern$Start::<init>@13 (line 3776)
                      ; - java.util.regex.Pattern::compile@363 (line 1962)
  0x0000758c60bcda60: 07e9 88e8 

  0x0000758c60bcda64: ;   {metadata({method} {0x0000758c0333de80} 'reset' '()V' in 'java/util/regex/Pattern$TreeInfo')}
  0x0000758c60bcda64: ffff 49ba | 80de 3303 | 8c75 0000 | 4c89 5424 | 0848 c704 | 24ff ffff 

  0x0000758c60bcda7c: ;   {runtime_call counter_overflow Runtime1 stub}
  0x0000758c60bcda7c: ffe8 7eb8 

  0x0000758c60bcda80: ; ImmutableOopMap {rbx=Oop rax=Oop [112]=Oop [152]=Oop }
                      ;*synchronization entry
                      ; - java.util.regex.Pattern$TreeInfo::reset@-1 (line 2026)
                      ; - java.util.regex.Pattern$TreeInfo::<init>@5 (line 2023)
                      ; - java.util.regex.Pattern$Start::<init>@13 (line 3776)
                      ; - java.util.regex.Pattern::compile@363 (line 1962)
  0x0000758c60bcda80: 4707 e9a3 

  0x0000758c60bcda84: ;   {runtime_call throw_null_pointer_exception Runtime1 stub}
  0x0000758c60bcda84: e8ff ffe8 

  0x0000758c60bcda88: ; ImmutableOopMap {rbx=Oop rax=Oop [112]=Oop [152]=Oop }
                      ;*invokevirtual study {reexecute=0 rethrow=0 return_oop=0}
                      ; - java.util.regex.Pattern$Start::<init>@22 (line 3777)
                      ; - java.util.regex.Pattern::compile@363 (line 1962)
  0x0000758c60bcda88: 7467 4707 | 8b56 3448 | 83fa 000f | 8483 e9ff | ff48 8914 

  0x0000758c60bcda9c: ;   {runtime_call g1_pre_barrier_slow}
  0x0000758c60bcda9c: 24e8 5e1a | 4807 e975 | e9ff ff48 | 83f8 000f | 8486 e9ff | ff48 8934 

  0x0000758c60bcdab4: ;   {runtime_call g1_post_barrier_slow}
  0x0000758c60bcdab4: 24e8 c60f | 4807 e978 | e9ff ff8b | 5634 4883 | fa00 0f84 | e1eb ffff | 4889 1424 

  0x0000758c60bcdad0: ;   {runtime_call g1_pre_barrier_slow}
  0x0000758c60bcdad0: e82b 1a48 | 07e9 d3eb | ffff 4883 | fb00 0f84 | e4eb ffff | 4889 3424 

  0x0000758c60bcdae8: ;   {runtime_call g1_post_barrier_slow}
  0x0000758c60bcdae8: e893 0f48 | 07e9 d6eb | ffff 488b 

  0x0000758c60bcdaf4: ;   {runtime_call fast_new_instance Runtime1 stub}
  0x0000758c60bcdaf4: d2e8 0670 

  0x0000758c60bcdaf8: ; ImmutableOopMap {rbx=Oop [112]=Oop }
                      ;*new {reexecute=0 rethrow=0 return_oop=0}
                      ; - java.util.regex.Pattern::compile@411 (line 1967)
  0x0000758c60bcdaf8: 4707 e966 

  0x0000758c60bcdafc: ;   {metadata({method} {0x0000758c03339f88} '<init>' '(Ljava/util/regex/Pattern$Node;)V' in 'java/util/regex/Pattern$StartS')}
  0x0000758c60bcdafc: ecff ff49 | ba88 9f33 | 038c 7500 | 004c 8954 | 2408 48c7 | 0424 ffff 

  0x0000758c60bcdb14: ;   {runtime_call counter_overflow Runtime1 stub}
  0x0000758c60bcdb14: ffff e8e5 

  0x0000758c60bcdb18: ; ImmutableOopMap {rbx=Oop rax=Oop [112]=Oop }
                      ;*synchronization entry
                      ; - java.util.regex.Pattern$StartS::<init>@-1 (line 3810)
                      ; - java.util.regex.Pattern::compile@419 (line 1967)
  0x0000758c60bcdb18: b747 07e9 | 81ec ffff 

  0x0000758c60bcdb20: ;   {runtime_call fast_new_instance Runtime1 stub}
  0x0000758c60bcdb20: 488b d2e8 

  0x0000758c60bcdb24: ; ImmutableOopMap {rbx=Oop [112]=Oop }
                      ;*new {reexecute=0 rethrow=0 return_oop=0}
                      ; - java.util.regex.Pattern::compile@425 (line 1967)
  0x0000758c60bcdb24: d86f 4707 | e914 edff 

  0x0000758c60bcdb2c: ;   {metadata({method} {0x0000758c03338eb0} '<init>' '(Ljava/util/regex/Pattern$Node;)V' in 'java/util/regex/Pattern$Start')}
  0x0000758c60bcdb2c: ff49 bab0 | 8e33 038c | 7500 004c | 8954 2408 | 48c7 0424 | ffff ffff 

  0x0000758c60bcdb44: ;   {runtime_call counter_overflow Runtime1 stub}
  0x0000758c60bcdb44: e8b7 b747 

  0x0000758c60bcdb48: ; ImmutableOopMap {rbx=Oop rax=Oop [112]=Oop }
                      ;*synchronization entry
                      ; - java.util.regex.Pattern$Start::<init>@-1 (line 3774)
                      ; - java.util.regex.Pattern::compile@433 (line 1967)
  0x0000758c60bcdb48: 07e9 2fed 

  0x0000758c60bcdb4c: ;   {metadata({method} {0x0000758c033388f8} '<init>' '()V' in 'java/util/regex/Pattern$Node')}
  0x0000758c60bcdb4c: ffff 49ba | f888 3303 | 8c75 0000 | 4c89 5424 | 0848 c704 | 24ff ffff 

  0x0000758c60bcdb64: ;   {runtime_call counter_overflow Runtime1 stub}
  0x0000758c60bcdb64: ffe8 96b7 

  0x0000758c60bcdb68: ; ImmutableOopMap {rbx=Oop rax=Oop [112]=Oop }
                      ;*synchronization entry
                      ; - java.util.regex.Pattern$Node::<init>@-1 (line 3726)
                      ; - java.util.regex.Pattern$Start::<init>@1 (line 3774)
                      ; - java.util.regex.Pattern::compile@433 (line 1967)
  0x0000758c60bcdb68: 4707 e94a 

  0x0000758c60bcdb6c: ;   {metadata({method} {0x0000758c03479be0} '<init>' '()V' in 'java/lang/Object')}
  0x0000758c60bcdb6c: edff ff49 | bae0 9b47 | 038c 7500 | 004c 8954 | 2408 48c7 | 0424 ffff 

  0x0000758c60bcdb84: ;   {runtime_call counter_overflow Runtime1 stub}
  0x0000758c60bcdb84: ffff e875 

  0x0000758c60bcdb88: ; ImmutableOopMap {rbx=Oop rax=Oop [112]=Oop }
                      ;*synchronization entry
                      ; - java.lang.Object::<init>@-1 (line 45)
                      ; - java.util.regex.Pattern$Node::<init>@1 (line 3726)
                      ; - java.util.regex.Pattern$Start::<init>@1 (line 3774)
                      ; - java.util.regex.Pattern::compile@433 (line 1967)
  0x0000758c60bcdb88: b747 07e9 | 65ed ffff | 8b50 0c48 | 83fa 000f | 8465 edff | ff48 8914 

  0x0000758c60bcdba0: ;   {runtime_call g1_pre_barrier_slow}
  0x0000758c60bcdba0: 24e8 5a19 | 4807 e957 | edff ff48 | 83fa 000f | 8479 edff | ff48 8904 

  0x0000758c60bcdbb8: ;   {runtime_call g1_post_barrier_slow}
  0x0000758c60bcdbb8: 24e8 c20e | 4807 e96b | edff ff8b | 500c 4883 | fa00 0f84 | 6bed ffff | 4889 1424 

  0x0000758c60bcdbd4: ;   {runtime_call g1_pre_barrier_slow}
  0x0000758c60bcdbd4: e827 1948 | 07e9 5ded | ffff 4883 | fb00 0f84 | 6eed ffff | 4889 0424 

  0x0000758c60bcdbec: ;   {runtime_call g1_post_barrier_slow}
  0x0000758c60bcdbec: e88f 0e48 | 07e9 60ed | ffff 488b 

  0x0000758c60bcdbf8: ;   {runtime_call fast_new_instance Runtime1 stub}
  0x0000758c60bcdbf8: d2e8 026f 

  0x0000758c60bcdbfc: ; ImmutableOopMap {rbx=Oop [112]=Oop [176]=Oop }
                      ;*new {reexecute=0 rethrow=0 return_oop=0}
                      ; - java.util.regex.Pattern$Start::<init>@9 (line 3776)
                      ; - java.util.regex.Pattern::compile@433 (line 1967)
  0x0000758c60bcdbfc: 4707 e9ab 

  0x0000758c60bcdc00: ;   {metadata({method} {0x0000758c0333de28} '<init>' '()V' in 'java/util/regex/Pattern$TreeInfo')}
  0x0000758c60bcdc00: edff ff49 | ba28 de33 | 038c 7500 | 004c 8954 | 2408 48c7 | 0424 ffff 

  0x0000758c60bcdc18: ;   {runtime_call counter_overflow Runtime1 stub}
  0x0000758c60bcdc18: ffff e8e1 

  0x0000758c60bcdc1c: ; ImmutableOopMap {rbx=Oop rax=Oop [112]=Oop [176]=Oop }
                      ;*synchronization entry
                      ; - java.util.regex.Pattern$TreeInfo::<init>@-1 (line 2022)
                      ; - java.util.regex.Pattern$Start::<init>@13 (line 3776)
                      ; - java.util.regex.Pattern::compile@433 (line 1967)
  0x0000758c60bcdc1c: b647 07e9 | c6ed ffff 

  0x0000758c60bcdc24: ;   {metadata({method} {0x0000758c03479be0} '<init>' '()V' in 'java/lang/Object')}
  0x0000758c60bcdc24: 49ba e09b | 4703 8c75 | 0000 4c89 | 5424 0848 | c704 24ff 

  0x0000758c60bcdc38: ;   {runtime_call counter_overflow Runtime1 stub}
  0x0000758c60bcdc38: ffff ffe8 

  0x0000758c60bcdc3c: ; ImmutableOopMap {rbx=Oop rax=Oop [112]=Oop [176]=Oop }
                      ;*synchronization entry
                      ; - java.lang.Object::<init>@-1 (line 45)
                      ; - java.util.regex.Pattern$TreeInfo::<init>@1 (line 2022)
                      ; - java.util.regex.Pattern$Start::<init>@13 (line 3776)
                      ; - java.util.regex.Pattern::compile@433 (line 1967)
  0x0000758c60bcdc3c: c0b6 4707 | e9e1 edff 

  0x0000758c60bcdc44: ;   {metadata({method} {0x0000758c0333de80} 'reset' '()V' in 'java/util/regex/Pattern$TreeInfo')}
  0x0000758c60bcdc44: ff49 ba80 | de33 038c | 7500 004c | 8954 2408 | 48c7 0424 | ffff ffff 

  0x0000758c60bcdc5c: ;   {runtime_call counter_overflow Runtime1 stub}
  0x0000758c60bcdc5c: e89f b647 

  0x0000758c60bcdc60: ; ImmutableOopMap {rbx=Oop rax=Oop [112]=Oop [176]=Oop }
                      ;*synchronization entry
                      ; - java.util.regex.Pattern$TreeInfo::reset@-1 (line 2026)
                      ; - java.util.regex.Pattern$TreeInfo::<init>@5 (line 2023)
                      ; - java.util.regex.Pattern$Start::<init>@13 (line 3776)
                      ; - java.util.regex.Pattern::compile@433 (line 1967)
  0x0000758c60bcdc60: 07e9 fced 

  0x0000758c60bcdc64: ;   {runtime_call throw_null_pointer_exception Runtime1 stub}
  0x0000758c60bcdc64: ffff e895 

  0x0000758c60bcdc68: ; ImmutableOopMap {rbx=Oop rax=Oop [112]=Oop [176]=Oop }
                      ;*invokevirtual study {reexecute=0 rethrow=0 return_oop=0}
                      ; - java.util.regex.Pattern$Start::<init>@22 (line 3777)
                      ; - java.util.regex.Pattern::compile@433 (line 1967)
  0x0000758c60bcdc68: 6547 078b | 7e34 4883 | ff00 0f84 | dcee ffff | 4889 3c24 

  0x0000758c60bcdc7c: ;   {runtime_call g1_pre_barrier_slow}
  0x0000758c60bcdc7c: e87f 1848 | 07e9 ceee | ffff 4883 | f800 0f84 | dfee ffff | 4889 3424 

  0x0000758c60bcdc94: ;   {runtime_call g1_post_barrier_slow}
  0x0000758c60bcdc94: e8e7 0d48 | 07e9 d1ee 

  0x0000758c60bcdc9c: ;   {runtime_call throw_null_pointer_exception Runtime1 stub}
  0x0000758c60bcdc9c: ffff e85d 

  0x0000758c60bcdca0: ; ImmutableOopMap {rsi=Oop rdi=Oop [112]=Oop }
                      ;*invokeinterface iterator {reexecute=0 rethrow=0 return_oop=0}
                      ; - java.util.regex.Pattern::compile@450 (line 1975)
  0x0000758c60bcdca0: 6547 0748 

  0x0000758c60bcdca4: ;   {runtime_call throw_class_cast_exception Runtime1 stub}
  0x0000758c60bcdca4: 8904 24e8 

  0x0000758c60bcdca8: ; ImmutableOopMap {[112]=Oop [184]=Oop }
                      ;*checkcast {reexecute=0 rethrow=0 return_oop=0}
                      ; - java.util.regex.Pattern::compile@471 (line 1975)
  0x0000758c60bcdca8: 5489 4707 

  0x0000758c60bcdcac: ;   {metadata(nullptr)}
  0x0000758c60bcdcac: 48b8 0000 | 0000 0000 | 0000 b800 

  0x0000758c60bcdcb8: ;   {runtime_call load_klass_patching Runtime1 stub}
  0x0000758c60bcdcb8: 0f05 0ae8 

  0x0000758c60bcdcbc: ; ImmutableOopMap {rdx=Oop [112]=Oop [184]=Oop }
                      ;*instanceof {reexecute=1 rethrow=0 return_oop=0}
                      ; - (reexecute) java.util.regex.Pattern::compile@478 (line 1976)
  0x0000758c60bcdcbc: c0a5 4707 | e973 f1ff 

  0x0000758c60bcdcc4: ;   {metadata(nullptr)}
  0x0000758c60bcdcc4: ff48 b900 | 0000 0000 | 0000 00b8 | 000f 050a 

  0x0000758c60bcdcd4: ;   {runtime_call load_klass_patching Runtime1 stub}
  0x0000758c60bcdcd4: e8a7 a547 

  0x0000758c60bcdcd8: ; ImmutableOopMap {rsi=Oop rdx=Oop [112]=Oop [184]=Oop }
                      ;*checkcast {reexecute=1 rethrow=0 return_oop=0}
                      ; - (reexecute) java.util.regex.Pattern::compile@486 (line 1978)
  0x0000758c60bcdcd8: 07e9 b2f2 | ffff 4889 

  0x0000758c60bcdce0: ;   {runtime_call throw_class_cast_exception Runtime1 stub}
  0x0000758c60bcdce0: 1424 e819 

  0x0000758c60bcdce4: ; ImmutableOopMap {rsi=Oop rdx=Oop [112]=Oop [184]=Oop }
                      ;*checkcast {reexecute=0 rethrow=0 return_oop=0}
                      ; - java.util.regex.Pattern::compile@486 (line 1978)
  0x0000758c60bcdce4: 8947 0748 | c704 24f7 

  0x0000758c60bcdcec: ;   {runtime_call deoptimize Runtime1 stub}
  0x0000758c60bcdcec: ffff ffe8 

  0x0000758c60bcdcf0: ; ImmutableOopMap {rsi=Oop rdi=Oop [112]=Oop [184]=Oop }
                      ;*putfield posIndex {reexecute=1 rethrow=0 return_oop=0}
                      ; - (reexecute) java.util.regex.Pattern::compile@500 (line 1978)
  0x0000758c60bcdcf0: 0c9e 4707 

  0x0000758c60bcdcf4: ;   {runtime_call throw_null_pointer_exception Runtime1 stub}
  0x0000758c60bcdcf4: e807 6547 

  0x0000758c60bcdcf8: ; ImmutableOopMap {rsi=Oop rdi=Oop [112]=Oop [184]=Oop }
                      ;*putfield posIndex {reexecute=1 rethrow=0 return_oop=0}
                      ; - (reexecute) java.util.regex.Pattern::compile@500 (line 1978)
  0x0000758c60bcdcf8: 0789 9700 | 0000 00b8 | 000b 0506 

  0x0000758c60bcdd04: ;   {runtime_call access_field_patching Runtime1 stub}
  0x0000758c60bcdd04: e8f7 a047 

  0x0000758c60bcdd08: ; ImmutableOopMap {rsi=Oop rdi=Oop [112]=Oop [184]=Oop }
                      ;*putfield posIndex {reexecute=1 rethrow=0 return_oop=0}
                      ; - (reexecute) java.util.regex.Pattern::compile@500 (line 1978)
  0x0000758c60bcdd08: 07e9 92f3 

  0x0000758c60bcdd0c: ;   {metadata({method} {0x0000758c030cd3b8} 'compile' '()V' in 'java/util/regex/Pattern')}
  0x0000758c60bcdd0c: ffff 49ba | b8d3 0c03 | 8c75 0000 | 4c89 5424 | 0848 c704 | 24f7 0100 

  0x0000758c60bcdd24: ;   {runtime_call counter_overflow Runtime1 stub}
  0x0000758c60bcdd24: 00e8 d6b5 

  0x0000758c60bcdd28: ; ImmutableOopMap {rsi=Oop [112]=Oop [184]=Oop }
                      ;*goto {reexecute=1 rethrow=0 return_oop=0}
                      ; - (reexecute) java.util.regex.Pattern::compile@503 (line 1980)
  0x0000758c60bcdd28: 4707 e99e 

  0x0000758c60bcdd2c: ;   {runtime_call throw_null_pointer_exception Runtime1 stub}
  0x0000758c60bcdd2c: f3ff ffe8 

  0x0000758c60bcdd30: ; ImmutableOopMap {rax=Oop [112]=Oop [184]=Oop }
                      ;*invokeinterface hasNext {reexecute=0 rethrow=0 return_oop=0}
                      ; - java.util.regex.Pattern::compile@457 (line 1975)
  0x0000758c60bcdd30: cc64 4707 

  0x0000758c60bcdd34: ;   {metadata({method} {0x0000758c030cda98} 'peek' '()I' in 'java/util/regex/Pattern')}
  0x0000758c60bcdd34: 49ba 98da | 0c03 8c75 | 0000 4c89 | 5424 0848 | c704 24ff 

  0x0000758c60bcdd48: ;   {runtime_call counter_overflow Runtime1 stub}
  0x0000758c60bcdd48: ffff ffe8 

  0x0000758c60bcdd4c: ; ImmutableOopMap {rsi=Oop [112]=Oop }
                      ;*synchronization entry
                      ; - java.util.regex.Pattern::peek@-1 (line 2069)
                      ; - java.util.regex.Pattern::compile@240 (line 1948)
  0x0000758c60bcdd4c: b0b5 4707 | e9c9 f4ff 

  0x0000758c60bcdd54: ;   {runtime_call throw_null_pointer_exception Runtime1 stub}
  0x0000758c60bcdd54: ffe8 a664 

  0x0000758c60bcdd58: ; ImmutableOopMap {rsi=Oop rdx=Oop [112]=Oop }
                      ;*iaload {reexecute=0 rethrow=0 return_oop=0}
                      ; - java.util.regex.Pattern::peek@8 (line 2069)
                      ; - java.util.regex.Pattern::compile@240 (line 1948)
                      ;   {runtime_call throw_null_pointer_exception Runtime1 stub}
  0x0000758c60bcdd58: 4707 e8a1 

  0x0000758c60bcdd5c: ; ImmutableOopMap {rsi=Oop rdx=Oop [112]=Oop }
                      ;*iaload {reexecute=0 rethrow=0 return_oop=0}
                      ; - java.util.regex.Pattern::peek@8 (line 2069)
                      ; - java.util.regex.Pattern::compile@240 (line 1948)
  0x0000758c60bcdd5c: 6447 0748 | 891c 2448 | 8954 2408 

  0x0000758c60bcdd68: ;   {runtime_call throw_range_check_failed Runtime1 stub}
  0x0000758c60bcdd68: e893 5b47 

  0x0000758c60bcdd6c: ; ImmutableOopMap {rsi=Oop rdx=Oop [112]=Oop }
                      ;*iaload {reexecute=0 rethrow=0 return_oop=0}
                      ; - java.util.regex.Pattern::peek@8 (line 2069)
                      ; - java.util.regex.Pattern::compile@240 (line 1948)
                      ;   {metadata({method} {0x0000758c030ce388} 'has' '(I)Z' in 'java/util/regex/Pattern')}
  0x0000758c60bcdd6c: 0749 ba88 | e30c 038c | 7500 004c | 8954 2408 | 48c7 0424 | ffff ffff 

  0x0000758c60bcdd84: ;   {runtime_call counter_overflow Runtime1 stub}
  0x0000758c60bcdd84: e877 b547 

  0x0000758c60bcdd88: ; ImmutableOopMap {rsi=Oop [112]=Oop }
                      ;*synchronization entry
                      ; - java.util.regex.Pattern::has@-1 (line 2043)
                      ; - java.util.regex.Pattern::peek@12 (line 2070)
                      ; - java.util.regex.Pattern::compile@240 (line 1948)
  0x0000758c60bcdd88: 07e9 dff4 

  0x0000758c60bcdd8c: ;   {runtime_call throw_null_pointer_exception Runtime1 stub}
  0x0000758c60bcdd8c: ffff e86d 

  0x0000758c60bcdd90: ; ImmutableOopMap {rsi=Oop rdx=Oop [112]=Oop }
                      ;*iaload {reexecute=0 rethrow=0 return_oop=0}
                      ; - java.util.regex.Pattern::compile@279 (line 1950)
                      ;   {runtime_call throw_null_pointer_exception Runtime1 stub}
  0x0000758c60bcdd90: 6447 07e8 

  0x0000758c60bcdd94: ; ImmutableOopMap {rsi=Oop rdx=Oop [112]=Oop }
                      ;*iaload {reexecute=0 rethrow=0 return_oop=0}
                      ; - java.util.regex.Pattern::compile@279 (line 1950)
  0x0000758c60bcdd94: 6864 4707 | 4889 3c24 | 4889 5424 

  0x0000758c60bcdda0: ;   {runtime_call throw_range_check_failed Runtime1 stub}
  0x0000758c60bcdda0: 08e8 5a5b 

  0x0000758c60bcdda4: ; ImmutableOopMap {rsi=Oop rdx=Oop [112]=Oop }
                      ;*iaload {reexecute=0 rethrow=0 return_oop=0}
                      ; - java.util.regex.Pattern::compile@279 (line 1950)
  0x0000758c60bcdda4: 4707 8b56 | 5048 83fa | 000f 8451 | f6ff ff48 

  0x0000758c60bcddb4: ;   {runtime_call g1_pre_barrier_slow}
  0x0000758c60bcddb4: 8914 24e8 | 4417 4807 | e943 f6ff | ff8b 563c | 4883 fa00 | 0f84 4af6 | ffff 4889 

  0x0000758c60bcddd0: ;   {runtime_call g1_pre_barrier_slow}
  0x0000758c60bcddd0: 1424 e829 | 1748 07e9 | 3cf6 ffff | 8b56 4848 | 83fa 000f | 8443 f6ff | ff48 8914 

  0x0000758c60bcddec: ;   {runtime_call g1_pre_barrier_slow}
  0x0000758c60bcddec: 24e8 0e17 | 4807 e935 | f6ff ff8b | 564c 4883 | fa00 0f84 | 51f6 ffff | 4889 1424 

  0x0000758c60bcde08: ;   {runtime_call g1_pre_barrier_slow}
  0x0000758c60bcde08: e8f3 1648 | 07e9 43f6 

  0x0000758c60bcde10: ;   {internal_word}
  0x0000758c60bcde10: ffff 49ba | 64d4 bc60 | 8c75 0000 | 4d89 9760 

  0x0000758c60bcde20: ;   {runtime_call SafepointBlob}
  0x0000758c60bcde20: 0400 00e9 | 58ed 3b07 

  0x0000758c60bcde28: ;   {runtime_call throw_null_pointer_exception Runtime1 stub}
  0x0000758c60bcde28: e8d3 6347 

  0x0000758c60bcde2c: ; ImmutableOopMap {rax=Oop }
                      ;*athrow {reexecute=1 rethrow=0 return_oop=0}
                      ; - (reexecute) java.util.regex.Pattern::compile@300 (line 1953)
                      ;   {runtime_call throw_null_pointer_exception Runtime1 stub}
  0x0000758c60bcde2c: 07e8 ce63 

  0x0000758c60bcde30: ; ImmutableOopMap {rax=Oop }
                      ;*athrow {reexecute=1 rethrow=0 return_oop=0}
                      ; - (reexecute) java.util.regex.Pattern::compile@292 (line 1951)
                      ;   {runtime_call throw_null_pointer_exception Runtime1 stub}
  0x0000758c60bcde30: 4707 e8c9 

  0x0000758c60bcde34: ; ImmutableOopMap {rax=Oop }
                      ;*athrow {reexecute=1 rethrow=0 return_oop=0}
                      ; - (reexecute) java.util.regex.Pattern::compile@255 (line 1949)
                      ;   {runtime_call throw_null_pointer_exception Runtime1 stub}
  0x0000758c60bcde34: 6347 07e8 

  0x0000758c60bcde38: ; ImmutableOopMap {rax=Oop rsi=Oop [112]=Oop }
                      ;*putfield next {reexecute=1 rethrow=0 return_oop=0}
                      ; - (reexecute) java.util.regex.Pattern::compile@211 (line 1942)
  0x0000758c60bcde38: c463 4707 | 498b 87f8 | 0400 0049 | c787 f804 | 0000 0000 | 0000 49c7 | 8700 0500 | 0000 0000 
  0x0000758c60bcde58: 0048 81c4 | d000 0000 

  0x0000758c60bcde60: ;   {runtime_call unwind_exception Runtime1 stub}
  0x0000758c60bcde60: 5de9 1a84 | 4607 f4f4 
[Stub Code]
  0x0000758c60bcde68: ;   {no_reloc}
  0x0000758c60bcde68: 0f1f 4400 

  0x0000758c60bcde6c: ;   {static_stub}
  0x0000758c60bcde6c: 0048 bb00 | 0000 0000 

  0x0000758c60bcde74: ;   {runtime_call}
  0x0000758c60bcde74: 0000 00e9 | fbff ffff 

  0x0000758c60bcde7c: ;   {static_stub}
  0x0000758c60bcde7c: 9048 bb00 | 0000 0000 

  0x0000758c60bcde84: ;   {runtime_call}
  0x0000758c60bcde84: 0000 00e9 | fbff ffff 

  0x0000758c60bcde8c: ;   {static_stub}
  0x0000758c60bcde8c: 9048 bb00 | 0000 0000 

  0x0000758c60bcde94: ;   {runtime_call}
  0x0000758c60bcde94: 0000 00e9 | fbff ffff 

  0x0000758c60bcde9c: ;   {static_stub}
  0x0000758c60bcde9c: 9048 bb00 | 0000 0000 

  0x0000758c60bcdea4: ;   {runtime_call}
  0x0000758c60bcdea4: 0000 00e9 | fbff ffff 

  0x0000758c60bcdeac: ;   {static_stub}
  0x0000758c60bcdeac: 9048 bb00 | 0000 0000 

  0x0000758c60bcdeb4: ;   {runtime_call}
  0x0000758c60bcdeb4: 0000 00e9 | fbff ffff 

  0x0000758c60bcdebc: ;   {static_stub}
  0x0000758c60bcdebc: 9048 bb00 | 0000 0000 

  0x0000758c60bcdec4: ;   {runtime_call}
  0x0000758c60bcdec4: 0000 00e9 | fbff ffff 

  0x0000758c60bcdecc: ;   {static_stub}
  0x0000758c60bcdecc: 48bb 0000 | 0000 0000 

  0x0000758c60bcded4: ;   {runtime_call}
  0x0000758c60bcded4: 0000 e9fb 

  0x0000758c60bcded8: ;   {static_stub}
  0x0000758c60bcded8: ffff ff48 | bb00 0000 | 0000 0000 

  0x0000758c60bcdee4: ;   {runtime_call}
  0x0000758c60bcdee4: 00e9 fbff 

  0x0000758c60bcdee8: ;   {static_stub}
  0x0000758c60bcdee8: ffff 48bb | 0000 0000 | 0000 0000 

  0x0000758c60bcdef4: ;   {runtime_call}
  0x0000758c60bcdef4: e9fb ffff 

  0x0000758c60bcdef8: ;   {static_stub}
  0x0000758c60bcdef8: ff48 bb00 | 0000 0000 

  0x0000758c60bcdf00: ;   {runtime_call}
  0x0000758c60bcdf00: 0000 00e9 | fbff ffff 

  0x0000758c60bcdf08: ;   {static_stub}
  0x0000758c60bcdf08: 48bb 0000 | 0000 0000 

  0x0000758c60bcdf10: ;   {runtime_call}
  0x0000758c60bcdf10: 0000 e9fb 

  0x0000758c60bcdf14: ;   {static_stub}
  0x0000758c60bcdf14: ffff ff48 | bb38 e40c | 038c 7500 

  0x0000758c60bcdf20: ;   {runtime_call I2C/C2I adapters}
  0x0000758c60bcdf20: 00e9 3dce 

  0x0000758c60bcdf24: ;   {static_stub}
  0x0000758c60bcdf24: 3b07 48bb | 0000 0000 | 0000 0000 

  0x0000758c60bcdf30: ;   {runtime_call}
  0x0000758c60bcdf30: e9fb ffff 

  0x0000758c60bcdf34: ;   {static_stub}
  0x0000758c60bcdf34: ff48 bb00 | 0000 0000 

  0x0000758c60bcdf3c: ;   {runtime_call}
  0x0000758c60bcdf3c: 0000 00e9 | fbff ffff 

  0x0000758c60bcdf44: ;   {static_stub}
  0x0000758c60bcdf44: 48bb 08de | 0c03 8c75 

  0x0000758c60bcdf4c: ;   {runtime_call I2C/C2I adapters}
  0x0000758c60bcdf4c: 0000 e994 

  0x0000758c60bcdf50: ;   {runtime_call handle_exception_from_callee Runtime1 stub}
  0x0000758c60bcdf50: db3b 07e8 | a880 4707 

  0x0000758c60bcdf58: ;   {external_word}
  0x0000758c60bcdf58: 48bf 9169 | 447f 8c75 | 0000 4883 

  0x0000758c60bcdf64: ;   {runtime_call MacroAssembler::debug64(char*, long, long*)}
  0x0000758c60bcdf64: e4f0 e895 | 8b3f 1ef4 
[Deopt Handler Code]
  0x0000758c60bcdf6c: ;   {section_word}
  0x0000758c60bcdf6c: 49ba 6cdf | bc60 8c75 | 0000 4152 

  0x0000758c60bcdf78: ;   {runtime_call DeoptimizationBlob}
  0x0000758c60bcdf78: e923 e53b | 07f4 f4f4 
[/MachCode]


Compiled method (c1)    1408  832       3       com.sun.tools.javac.code.Symbol::complete (30 bytes)
 total in heap  [0x0000758c60b47a90,0x0000758c60b47f58] = 1224
 relocation     [0x0000758c60b47be8,0x0000758c60b47c38] = 80
 main code      [0x0000758c60b47c40,0x0000758c60b47e88] = 584
 stub code      [0x0000758c60b47e88,0x0000758c60b47ec8] = 64
 oops           [0x0000758c60b47ec8,0x0000758c60b47ed0] = 8
 metadata       [0x0000758c60b47ed0,0x0000758c60b47ed8] = 8
 scopes data    [0x0000758c60b47ed8,0x0000758c60b47ef0] = 24
 scopes pcs     [0x0000758c60b47ef0,0x0000758c60b47f40] = 80
 dependencies   [0x0000758c60b47f40,0x0000758c60b47f48] = 8
 nul chk table  [0x0000758c60b47f48,0x0000758c60b47f58] = 16

[Constant Pool (empty)]

[MachCode]
[Entry Point]
  # {method} {0x0000758bf8499068} 'complete' '()V' in 'com/sun/tools/javac/code/Symbol'
  #           [sp+0x30]  (sp of caller)
  0x0000758c60b47c40: 448b 5608 | 49bb 0000 | 0003 8c75 | 0000 4d03 | d34c 3bd0 

  0x0000758c60b47c54: ;   {runtime_call ic_miss_stub}
  0x0000758c60b47c54: 0f85 26e4 | 4307 660f | 1f44 0000 
[Verified Entry Point]
  0x0000758c60b47c60: 8984 2400 | c0fe ff55 | 4883 ec20 | 4181 7f20 | 0300 0000 

  0x0000758c60b47c74: ;   {runtime_call StubRoutines (final stubs)}
  0x0000758c60b47c74: 7405 e8c5 

  0x0000758c60b47c78: ;   {metadata(method data for {method} {0x0000758bf8499068} 'complete' '()V' in 'com/sun/tools/javac/code/Symbol')}
  0x0000758c60b47c78: 4642 0748 | ba28 ba99 | f88b 7500 | 008b baf4 | 0000 0083 | c702 89ba | f400 0000 | 81e7 fe07 
  0x0000758c60b47c98: 0000 85ff | 0f84 4d01 | 0000 8b7e 

  0x0000758c60b47ca4: ;   {oop(a 'com/sun/tools/javac/code/Symbol$Completer$1'{0x00000000e162a928})}
  0x0000758c60b47ca4: 2448 ba28 | a962 e100 | 0000 0048 

  0x0000758c60b47cb0: ;   {metadata(method data for {method} {0x0000758bf8499068} 'complete' '()V' in 'com/sun/tools/javac/code/Symbol')}
  0x0000758c60b47cb0: 3bfa 48ba | 28ba 99f8 | 8b75 0000 | 48bb 3801 | 0000 0000 | 0000 740a | 48bb 4801 | 0000 0000 
  0x0000758c60b47cd0: 0000 488b | 041a 488d | 4001 4889 | 041a 0f84 | f800 0000 

  0x0000758c60b47ce4: ;   {oop(a 'com/sun/tools/javac/code/Symbol$Completer$1'{0x00000000e162a928})}
  0x0000758c60b47ce4: 48ba 28a9 | 62e1 0000 | 0000 410f | be57 4085 | d20f 8515 

  0x0000758c60b47cf8: ;   {oop(a 'com/sun/tools/javac/code/Symbol$Completer$1'{0x00000000e162a928})}
  0x0000758c60b47cf8: 0100 0049 | ba28 a962 | e100 0000 | 0044 8956 

  0x0000758c60b47d08: ;   {oop(a 'com/sun/tools/javac/code/Symbol$Completer$1'{0x00000000e162a928})}
  0x0000758c60b47d08: 2448 ba28 | a962 e100 | 0000 0048 | 8bde 4833 | da48 c1eb | 1448 83fb | 000f 8504 | 0100 0048 
  0x0000758c60b47d28: 3b07 488b 

  0x0000758c60b47d2c: ;   {metadata(method data for {method} {0x0000758bf8499068} 'complete' '()V' in 'com/sun/tools/javac/code/Symbol')}
  0x0000758c60b47d2c: d748 bb28 | ba99 f88b | 7500 008b | 5208 49ba | 0000 0003 | 8c75 0000 | 4903 d248 | 3b93 6801 
  0x0000758c60b47d4c: 0000 750d | 4883 8370 | 0100 0001 | e960 0000 | 0048 3b93 | 7801 0000 | 750d 4883 | 8380 0100 
  0x0000758c60b47d6c: 0001 e94a | 0000 0048 | 83bb 6801 | 0000 0075 | 1748 8993 | 6801 0000 | 48c7 8370 | 0100 0001 
  0x0000758c60b47d8c: 0000 00e9 | 2900 0000 | 4883 bb78 | 0100 0000 | 7517 4889 | 9378 0100 | 0048 c783 | 8001 0000 
  0x0000758c60b47dac: 0100 0000 | e908 0000 | 0048 8383 | 5801 0000 | 0148 8bd6 | 488b f766 | 9048 b8e0 | 5449 788c 
  0x0000758c60b47dcc: ;   {virtual_call}
  0x0000758c60b47dcc: 7500 00e8 

  0x0000758c60b47dd0: ; ImmutableOopMap {}
                      ;*invokeinterface complete {reexecute=0 rethrow=0 return_oop=0}
                      ; - com.sun.tools.javac.code.Symbol::complete@24 (line 683)
  0x0000758c60b47dd0: bcbd 5007 

  0x0000758c60b47dd4: ;   {other}
  0x0000758c60b47dd4: 0f1f 8400 | 4403 0000 | 4883 c420 

  0x0000758c60b47de0: ;   {poll_return}
  0x0000758c60b47de0: 5d49 3ba7 | 4804 0000 | 0f87 5a00 

  0x0000758c60b47dec: ;   {metadata({method} {0x0000758bf8499068} 'complete' '()V' in 'com/sun/tools/javac/code/Symbol')}
  0x0000758c60b47dec: 0000 c349 | ba68 9049 | f88b 7500 | 004c 8954 | 2408 48c7 | 0424 ffff 

  0x0000758c60b47e04: ;   {runtime_call counter_overflow Runtime1 stub}
  0x0000758c60b47e04: ffff e8f5 

  0x0000758c60b47e08: ; ImmutableOopMap {rsi=Oop }
                      ;*synchronization entry
                      ; - com.sun.tools.javac.code.Symbol::complete@-1 (line 680)
  0x0000758c60b47e08: 1450 07e9 | 92fe ffff | 8b56 2448 | 83fa 000f | 84de feff | ff48 8914 

  0x0000758c60b47e20: ;   {runtime_call g1_pre_barrier_slow}
  0x0000758c60b47e20: 24e8 da76 | 5007 e9d0 | feff ff48 | 83fa 000f | 84f2 feff | ff48 8934 

  0x0000758c60b47e38: ;   {runtime_call g1_post_barrier_slow}
  0x0000758c60b47e38: 24e8 426c | 5007 e9e4 

  0x0000758c60b47e40: ;   {runtime_call throw_null_pointer_exception Runtime1 stub}
  0x0000758c60b47e40: feff ffe8 

  0x0000758c60b47e44: ; ImmutableOopMap {rdi=Oop rsi=Oop }
                      ;*invokeinterface complete {reexecute=0 rethrow=0 return_oop=0}
                      ; - com.sun.tools.javac.code.Symbol::complete@24 (line 683)
  0x0000758c60b47e44: b8c3 4f07 

  0x0000758c60b47e48: ;   {internal_word}
  0x0000758c60b47e48: 49ba e17d | b460 8c75 | 0000 4d89 | 9760 0400 

  0x0000758c60b47e58: ;   {runtime_call SafepointBlob}
  0x0000758c60b47e58: 00e9 224d | 4407 498b | 87f8 0400 | 0049 c787 | f804 0000 | 0000 0000 | 49c7 8700 | 0500 0000 
  0x0000758c60b47e78: 0000 0048 | 83c4 205d 

  0x0000758c60b47e80: ;   {runtime_call unwind_exception Runtime1 stub}
  0x0000758c60b47e80: e9fb e34e | 07f4 f4f4 
[Stub Code]
  0x0000758c60b47e88: ;   {no_reloc}
  0x0000758c60b47e88: 0f1f 4400 

  0x0000758c60b47e8c: ;   {static_stub}
  0x0000758c60b47e8c: 0048 bb00 | 0000 0000 

  0x0000758c60b47e94: ;   {runtime_call}
  0x0000758c60b47e94: 0000 00e9 | fbff ffff 
[Exception Handler]
  0x0000758c60b47e9c: ;   {runtime_call handle_exception_from_callee Runtime1 stub}
  0x0000758c60b47e9c: e85f e14f 

  0x0000758c60b47ea0: ;   {external_word}
  0x0000758c60b47ea0: 0748 bf91 | 6944 7f8c | 7500 0048 

  0x0000758c60b47eac: ;   {runtime_call MacroAssembler::debug64(char*, long, long*)}
  0x0000758c60b47eac: 83e4 f0e8 | 4cec 471e 

  0x0000758c60b47eb4: ;   {section_word}
  0x0000758c60b47eb4: f449 bab5 | 7eb4 608c | 7500 0041 

  0x0000758c60b47ec0: ;   {runtime_call DeoptimizationBlob}
  0x0000758c60b47ec0: 52e9 da45 | 4407 f4f4 
[/MachCode]


---------------  P R O C E S S  ---------------

Threads class SMR info:
_java_thread_list=0x0000758c78114da0, length=10, elements={
0x0000758c780285a0, 0x0000758c78097810, 0x0000758c78098d70, 0x0000758c7809a4f0,
0x0000758c7809bb20, 0x0000758c7809d0b0, 0x0000758c7809ebe0, 0x0000758c780a0290,
0x0000758c780e0860, 0x0000758c78113c50
}

Java Threads: ( => current thread )
=>0x0000758c780285a0 JavaThread "main"                              [_thread_in_Java, id=2142, stack(0x0000758c7e300000,0x0000758c7e400000) (1024K)]
  0x0000758c78097810 JavaThread "Reference Handler"          daemon [_thread_blocked, id=2150, stack(0x0000758c7caf8000,0x0000758c7cbf8000) (1024K)]
  0x0000758c78098d70 JavaThread "Finalizer"                  daemon [_thread_blocked, id=2151, stack(0x0000758c7c9f8000,0x0000758c7caf8000) (1024K)]
  0x0000758c7809a4f0 JavaThread "Signal Dispatcher"          daemon [_thread_blocked, id=2152, stack(0x0000758c7c8f8000,0x0000758c7c9f8000) (1024K)]
  0x0000758c7809bb20 JavaThread "Service Thread"             daemon [_thread_blocked, id=2153, stack(0x0000758c7c7f8000,0x0000758c7c8f8000) (1024K)]
  0x0000758c7809d0b0 JavaThread "Monitor Deflation Thread"   daemon [_thread_blocked, id=2154, stack(0x0000758c7c6f8000,0x0000758c7c7f8000) (1024K)]
  0x0000758c7809ebe0 JavaThread "C2 CompilerThread0"         daemon [_thread_blocked, id=2155, stack(0x0000758c7c5f8000,0x0000758c7c6f8000) (1024K)]
  0x0000758c780a0290 JavaThread "C1 CompilerThread0"         daemon [_thread_blocked, id=2156, stack(0x0000758c7c4f8000,0x0000758c7c5f8000) (1024K)]
  0x0000758c780e0860 JavaThread "Common-Cleaner"             daemon [_thread_blocked, id=2157, stack(0x0000758c7c328000,0x0000758c7c428000) (1024K)]
  0x0000758c78113c50 JavaThread "Notification Thread"        daemon [_thread_blocked, id=2158, stack(0x0000758c7c228000,0x0000758c7c328000) (1024K)]
Total: 10

Other Threads:
  0x0000758c7808e420 VMThread "VM Thread"                           [id=2149, stack(0x0000758c7cbf9000,0x0000758c7ccf9000) (1024K)]
  0x0000758c7807c780 WatcherThread "VM Periodic Task Thread"        [id=2148, stack(0x0000758c7ccfa000,0x0000758c7cdfa000) (1024K)]
  0x0000758c78053d80 WorkerThread "GC Thread#0"                     [id=2143, stack(0x0000758c7dc3e000,0x0000758c7dd3e000) (1024K)]
  0x0000758bf0006350 WorkerThread "GC Thread#1"                     [id=2159, stack(0x0000758c7c128000,0x0000758c7c228000) (1024K)]
  0x0000758c78059080 ConcurrentGCThread "G1 Main Marker"            [id=2144, stack(0x0000758c7d300000,0x0000758c7d400000) (1024K)]
  0x0000758c7805a020 WorkerThread "G1 Conc#0"                       [id=2145, stack(0x0000758c7d1ff000,0x0000758c7d2ff000) (1024K)]
  0x0000758c7806ac50 ConcurrentGCThread "G1 Refine#0"               [id=2146, stack(0x0000758c7cefc000,0x0000758c7cffc000) (1024K)]
  0x0000758c7806bc00 ConcurrentGCThread "G1 Service"                [id=2147, stack(0x0000758c7cdfb000,0x0000758c7cefb000) (1024K)]
Total: 8

Threads with active compile tasks:
Total: 0

VM state: not at safepoint (normal execution)

VM Mutex/Monitor currently owned by a thread: None

Heap address: 0x00000000e1600000, size: 490 MB, Compressed Oops mode: 32-bit

CDS archive(s) mapped at: [0x0000758c03000000-0x0000758c03cab000-0x0000758c03cab000), size 13283328, SharedBaseAddress: 0x0000758c03000000, ArchiveRelocationMode: 1.
Compressed class space mapped at: 0x0000758c04000000-0x0000758c44000000, reserved size: 1073741824
Narrow klass base: 0x0000758c03000000, Narrow klass shift: 0, Narrow klass range: 0x100000000

GC Precious Log:
 CardTable entry size: 512
 Card Set container configuration: InlinePtr #cards 5 size 8 Array Of Cards #cards 12 size 40 Howl #buckets 4 coarsen threshold 1843 Howl Bitmap #cards 512 size 80 coarsen threshold 460 Card regions per heap region 1 cards per card region 2048
 CPUs: 4 total, 2 available
 Memory: 1957M
 Large Page Support: Disabled
 NUMA Support: Disabled
 Compressed Oops: Enabled (32-bit)
 Heap Region Size: 1M
 Heap Min Capacity: 8M
 Heap Initial Capacity: 8M
 Heap Max Capacity: 490M
 Pre-touch: Disabled
 Parallel Workers: 2
 Concurrent Workers: 1
 Concurrent Refinement Workers: 2
 Periodic GC: Disabled

Heap:
 garbage-first heap   total 13312K, used 4995K [0x00000000e1600000, 0x0000000100000000)
  region size 1024K, 2 young (2048K), 1 survivors (1024K)
 Metaspace       used 8911K, committed 9152K, reserved 1114112K
  class space    used 999K, committed 1088K, reserved 1048576K

Heap Regions: E=young(eden), S=young(survivor), O=old, HS=humongous(starts), HC=humongous(continues), CS=collection set, F=free, TAMS=top-at-mark-start, PB=parsable bottom
|   0|0x00000000e1600000, 0x00000000e1700000, 0x00000000e1700000|100%| O|  |TAMS 0x00000000e1600000| PB 0x00000000e1600000| Untracked 
|   1|0x00000000e1700000, 0x00000000e1800000, 0x00000000e1800000|100%| O|  |TAMS 0x00000000e1700000| PB 0x00000000e1700000| Untracked 
|   2|0x00000000e1800000, 0x00000000e1900000, 0x00000000e1900000|100%| O|  |TAMS 0x00000000e1800000| PB 0x00000000e1800000| Untracked 
|   3|0x00000000e1900000, 0x00000000e19782d0, 0x00000000e1a00000| 46%| O|  |TAMS 0x00000000e1900000| PB 0x00000000e1900000| Untracked 
|   4|0x00000000e1a00000, 0x00000000e1a00000, 0x00000000e1b00000|  0%| F|  |TAMS 0x00000000e1a00000| PB 0x00000000e1a00000| Untracked 
|   5|0x00000000e1b00000, 0x00000000e1b00000, 0x00000000e1c00000|  0%| F|  |TAMS 0x00000000e1b00000| PB 0x00000000e1b00000| Untracked 
|   6|0x00000000e1c00000, 0x00000000e1c00000, 0x00000000e1d00000|  0%| F|  |TAMS 0x00000000e1c00000| PB 0x00000000e1c00000| Untracked 
|   7|0x00000000e1d00000, 0x00000000e1d00000, 0x00000000e1e00000|  0%| F|  |TAMS 0x00000000e1d00000| PB 0x00000000e1d00000| Untracked 
|   8|0x00000000e1e00000, 0x00000000e1e00000, 0x00000000e1f00000|  0%| F|  |TAMS 0x00000000e1e00000| PB 0x00000000e1e00000| Untracked 
|   9|0x00000000e1f00000, 0x00000000e1f68b60, 0x00000000e2000000| 40%| S|CS|TAMS 0x00000000e1f00000| PB 0x00000000e1f00000| Complete 
|  10|0x00000000e2000000, 0x00000000e2000000, 0x00000000e2100000|  0%| F|  |TAMS 0x00000000e2000000| PB 0x00000000e2000000| Untracked 
| 488|0x00000000ffe00000, 0x00000000fff00000, 0x00000000fff00000|100%| O|  |TAMS 0x00000000ffe00000| PB 0x00000000ffe00000| Untracked 
| 489|0x00000000fff00000, 0x00000000fff04f60, 0x0000000100000000|  1%| E|  |TAMS 0x00000000fff00000| PB 0x00000000fff00000| Complete 

Card table byte_map: [0x0000758c7dd3e000,0x0000758c7de33000] _byte_map_base: 0x0000758c7d633000

Marking Bits: (CMBitMap*) 0x0000758c780548a0
 Bits: [0x0000758c7d400000, 0x0000758c7dba8000)

Polling page: 0x0000758c7fd2e000

Metaspace:

Usage:
  Non-class:      7.73 MB used.
      Class:    999.09 KB used.
       Both:      8.70 MB used.

Virtual space:
  Non-class space:       64.00 MB reserved,       7.88 MB ( 12%) committed,  1 nodes.
      Class space:        1.00 GB reserved,       1.06 MB ( <1%) committed,  1 nodes.
             Both:        1.06 GB reserved,       8.94 MB ( <1%) committed. 

Chunk freelists:
   Non-Class:  6.11 MB
       Class:  14.91 MB
        Both:  21.02 MB

MaxMetaspaceSize: unlimited
CompressedClassSpaceSize: 1.00 GB
Initial GC threshold: 21.00 MB
Current GC threshold: 21.00 MB
CDS: on
 - commit_granule_bytes: 65536.
 - commit_granule_words: 8192.
 - virtual_space_node_default_size: 8388608.
 - enlarge_chunks_in_place: 1.
 - use_allocation_guard: 0.


Internal statistics:

num_allocs_failed_limit: 0.
num_arena_births: 60.
num_arena_deaths: 0.
num_vsnodes_births: 2.
num_vsnodes_deaths: 0.
num_space_committed: 143.
num_space_uncommitted: 0.
num_chunks_returned_to_freelist: 0.
num_chunks_taken_from_freelist: 350.
num_chunk_merges: 0.
num_chunk_splits: 248.
num_chunks_enlarged: 191.
num_inconsistent_stats: 0.

CodeHeap 'non-profiled nmethods': size=120036Kb used=361Kb max_used=361Kb free=119674Kb
 bounds [0x0000758c684c7000, 0x0000758c68737000, 0x0000758c6fa00000]
CodeHeap 'profiled nmethods': size=120032Kb used=1891Kb max_used=1891Kb free=118140Kb
 bounds [0x0000758c60a00000, 0x0000758c60c70000, 0x0000758c67f38000]
CodeHeap 'non-nmethods': size=5692Kb used=1344Kb max_used=1369Kb free=4347Kb
 bounds [0x0000758c67f38000, 0x0000758c681a8000, 0x0000758c684c7000]
 total_blobs=1613 nmethods=1149 adapters=371
 compilation: enabled
              stopped_count=0, restarted_count=0
 full_count=0

Compilation events (20 events):
Event: 1.174 Thread 0x0000758c780a0290 nmethod 1134 0x0000758c60bd0010 code [0x0000758c60bd01c0, 0x0000758c60bd0410]
Event: 1.174 Thread 0x0000758c780a0290 1139       3       com.sun.tools.javac.file.Locations::getHandler (35 bytes)
Event: 1.175 Thread 0x0000758c780a0290 nmethod 1139 0x0000758c60bd0510 code [0x0000758c60bd0700, 0x0000758c60bd0d60]
Event: 1.175 Thread 0x0000758c780a0290 1126       3       java.lang.Character::codePointAt (51 bytes)
Event: 1.177 Thread 0x0000758c780a0290 nmethod 1126 0x0000758c60bd0f10 code [0x0000758c60bd1100, 0x0000758c60bd1760]
Event: 1.177 Thread 0x0000758c780a0290 1143   !   2       java.util.regex.Pattern::RemoveQEQuoting (370 bytes)
Event: 1.178 Thread 0x0000758c780a0290 nmethod 1143 0x0000758c60bd1910 code [0x0000758c60bd1b60, 0x0000758c60bd25b0]
Event: 1.178 Thread 0x0000758c780a0290 1145       2       java.util.regex.Pattern::sequence (647 bytes)
Event: 1.182 Thread 0x0000758c7809ebe0 nmethod 1112 0x0000758c6851ed10 code [0x0000758c6851ef00, 0x0000758c6851f700]
Event: 1.182 Thread 0x0000758c7809ebe0 1141       4       java.util.regex.Pattern::skip (23 bytes)
Event: 1.183 Thread 0x0000758c7809ebe0 nmethod 1141 0x0000758c6851fb90 code [0x0000758c6851fd20, 0x0000758c6851fe08]
Event: 1.183 Thread 0x0000758c7809ebe0 1111       4       java.lang.AbstractStringBuilder::newCapacity (59 bytes)
Event: 1.183 Thread 0x0000758c780a0290 nmethod 1145 0x0000758c60bd2b10 code [0x0000758c60bd2f20, 0x0000758c60bd4278]
Event: 1.183 Thread 0x0000758c780a0290 1148       2       java.util.regex.Pattern::newSlice (181 bytes)
Event: 1.186 Thread 0x0000758c780a0290 nmethod 1148 0x0000758c60bd4b10 code [0x0000758c60bd4da0, 0x0000758c60bd5710]
Event: 1.187 Thread 0x0000758c780a0290 1149       2       com.sun.tools.javac.code.Scope$ScopeImpl::getIndex (101 bytes)
Event: 1.187 Thread 0x0000758c780a0290 nmethod 1149 0x0000758c60bd5b90 code [0x0000758c60bd5d40, 0x0000758c60bd5f78]
Event: 1.187 Thread 0x0000758c780a0290 1142       2       java.util.regex.Pattern::expr (142 bytes)
Event: 1.188 Thread 0x0000758c7809ebe0 nmethod 1111 0x0000758c6851ff10 code [0x0000758c685200a0, 0x0000758c685201b0]
Event: 1.188 Thread 0x0000758c7809ebe0 1135       4       java.util.Collections::emptyMap (4 bytes)

GC Heap History (14 events):
Event: 0.343 GC heap before
{Heap before GC invocations=0 (full 0):
 garbage-first heap   total 10240K, used 3126K [0x00000000e1600000, 0x0000000100000000)
  region size 1024K, 3 young (3072K), 0 survivors (0K)
 Metaspace       used 3139K, committed 3392K, reserved 1114112K
  class space    used 388K, committed 512K, reserved 1048576K
}
Event: 0.349 GC heap after
{Heap after GC invocations=1 (full 0):
 garbage-first heap   total 10240K, used 2102K [0x00000000e1600000, 0x0000000100000000)
  region size 1024K, 1 young (1024K), 1 survivors (1024K)
 Metaspace       used 3139K, committed 3392K, reserved 1114112K
  class space    used 388K, committed 512K, reserved 1048576K
}
Event: 0.603 GC heap before
{Heap before GC invocations=1 (full 0):
 garbage-first heap   total 10240K, used 3126K [0x00000000e1600000, 0x0000000100000000)
  region size 1024K, 3 young (3072K), 1 survivors (1024K)
 Metaspace       used 7688K, committed 7872K, reserved 1114112K
  class space    used 861K, committed 960K, reserved 1048576K
}
Event: 0.608 GC heap after
{Heap after GC invocations=2 (full 0):
 garbage-first heap   total 10240K, used 3052K [0x00000000e1600000, 0x0000000100000000)
  region size 1024K, 1 young (1024K), 1 survivors (1024K)
 Metaspace       used 7688K, committed 7872K, reserved 1114112K
  class space    used 861K, committed 960K, reserved 1048576K
}
Event: 0.678 GC heap before
{Heap before GC invocations=2 (full 0):
 garbage-first heap   total 10240K, used 4076K [0x00000000e1600000, 0x0000000100000000)
  region size 1024K, 2 young (2048K), 1 survivors (1024K)
 Metaspace       used 8018K, committed 8192K, reserved 1114112K
  class space    used 895K, committed 960K, reserved 1048576K
}
Event: 0.682 GC heap after
{Heap after GC invocations=3 (full 0):
 garbage-first heap   total 10240K, used 3387K [0x00000000e1600000, 0x0000000100000000)
  region size 1024K, 1 young (1024K), 1 survivors (1024K)
 Metaspace       used 8018K, committed 8192K, reserved 1114112K
  class space    used 895K, committed 960K, reserved 1048576K
}
Event: 0.736 GC heap before
{Heap before GC invocations=3 (full 0):
 garbage-first heap   total 10240K, used 4411K [0x00000000e1600000, 0x0000000100000000)
  region size 1024K, 2 young (2048K), 1 survivors (1024K)
 Metaspace       used 8203K, committed 8384K, reserved 1114112K
  class space    used 917K, committed 1024K, reserved 1048576K
}
Event: 0.739 GC heap after
{Heap after GC invocations=4 (full 0):
 garbage-first heap   total 10240K, used 3682K [0x00000000e1600000, 0x0000000100000000)
  region size 1024K, 1 young (1024K), 1 survivors (1024K)
 Metaspace       used 8203K, committed 8384K, reserved 1114112K
  class space    used 917K, committed 1024K, reserved 1048576K
}
Event: 1.096 GC heap before
{Heap before GC invocations=5 (full 0):
 garbage-first heap   total 10240K, used 5730K [0x00000000e1600000, 0x0000000100000000)
  region size 1024K, 3 young (3072K), 1 survivors (1024K)
 Metaspace       used 8837K, committed 9024K, reserved 1114112K
  class space    used 999K, committed 1088K, reserved 1048576K
}
Event: 1.100 GC heap after
{Heap after GC invocations=6 (full 0):
 garbage-first heap   total 10240K, used 4542K [0x00000000e1600000, 0x0000000100000000)
  region size 1024K, 1 young (1024K), 1 survivors (1024K)
 Metaspace       used 8837K, committed 9024K, reserved 1114112K
  class space    used 999K, committed 1088K, reserved 1048576K
}
Event: 1.117 GC heap before
{Heap before GC invocations=6 (full 0):
 garbage-first heap   total 10240K, used 5566K [0x00000000e1600000, 0x0000000100000000)
  region size 1024K, 2 young (2048K), 1 survivors (1024K)
 Metaspace       used 8853K, committed 9088K, reserved 1114112K
  class space    used 999K, committed 1088K, reserved 1048576K
}
Event: 1.121 GC heap after
{Heap after GC invocations=7 (full 0):
 garbage-first heap   total 13312K, used 4824K [0x00000000e1600000, 0x0000000100000000)
  region size 1024K, 1 young (1024K), 1 survivors (1024K)
 Metaspace       used 8853K, committed 9088K, reserved 1114112K
  class space    used 999K, committed 1088K, reserved 1048576K
}
Event: 1.184 GC heap before
{Heap before GC invocations=7 (full 0):
 garbage-first heap   total 13312K, used 6872K [0x00000000e1600000, 0x0000000100000000)
  region size 1024K, 3 young (3072K), 1 survivors (1024K)
 Metaspace       used 8909K, committed 9152K, reserved 1114112K
  class space    used 999K, committed 1088K, reserved 1048576K
}
Event: 1.186 GC heap after
{Heap after GC invocations=8 (full 0):
 garbage-first heap   total 13312K, used 4995K [0x00000000e1600000, 0x0000000100000000)
  region size 1024K, 1 young (1024K), 1 survivors (1024K)
 Metaspace       used 8909K, committed 9152K, reserved 1114112K
  class space    used 999K, committed 1088K, reserved 1048576K
}

Dll operation events (6 events):
Event: 0.004 Loaded shared library /usr/lib/jvm/jdk-21.0.8-oracle-x64/lib/libjava.so
Event: 0.053 Loaded shared library /usr/lib/jvm/jdk-21.0.8-oracle-x64/lib/libjsvml.so
Event: 0.114 Loaded shared library /usr/lib/jvm/jdk-21.0.8-oracle-x64/lib/libnio.so
Event: 0.115 Loaded shared library /usr/lib/jvm/jdk-21.0.8-oracle-x64/lib/libjimage.so
Event: 0.272 Loaded shared library /usr/lib/jvm/jdk-21.0.8-oracle-x64/lib/libzip.so
Event: 0.579 Loaded shared library /usr/lib/jvm/jdk-21.0.8-oracle-x64/lib/libnet.so

Deoptimization events (20 events):
Event: 1.005 Thread 0x0000758c780285a0 Uncommon trap: trap_request=0xffffff45 fr.pc=0x0000758c684cff54 relative=0x00000000000000b4
Event: 1.005 Thread 0x0000758c780285a0 Uncommon trap: reason=unstable_if action=reinterpret pc=0x0000758c684cff54 method=java.lang.String.hashCode()I @ 42 c2
Event: 1.005 Thread 0x0000758c780285a0 DEOPT PACKING pc=0x0000758c684cff54 sp=0x0000758c7e3fd790
Event: 1.005 Thread 0x0000758c780285a0 DEOPT UNPACKING pc=0x0000758c67f8bf93 sp=0x0000758c7e3fd748 mode 2
Event: 1.057 Thread 0x0000758c780285a0 Uncommon trap: trap_request=0xffffffde fr.pc=0x0000758c6850b564 relative=0x00000000000014c4
Event: 1.057 Thread 0x0000758c780285a0 Uncommon trap: reason=class_check action=maybe_recompile pc=0x0000758c6850b564 method=java.util.HashMap.putVal(ILjava/lang/Object;Ljava/lang/Object;ZZ)Ljava/lang/Object; @ 203 c2
Event: 1.057 Thread 0x0000758c780285a0 DEOPT PACKING pc=0x0000758c6850b564 sp=0x0000758c7e3fda30
Event: 1.057 Thread 0x0000758c780285a0 DEOPT UNPACKING pc=0x0000758c67f8bf93 sp=0x0000758c7e3fd988 mode 2
Event: 1.084 Thread 0x0000758c780285a0 Uncommon trap: trap_request=0xffffffc6 fr.pc=0x0000758c68518558 relative=0x00000000000002f8
Event: 1.084 Thread 0x0000758c780285a0 Uncommon trap: reason=bimorphic_or_optimized_type_check action=maybe_recompile pc=0x0000758c68518558 method=java.util.HashMap.getNode(Ljava/lang/Object;)Ljava/util/HashMap$Node; @ 128 c2
Event: 1.084 Thread 0x0000758c780285a0 DEOPT PACKING pc=0x0000758c68518558 sp=0x0000758c7e3fd870
Event: 1.084 Thread 0x0000758c780285a0 DEOPT UNPACKING pc=0x0000758c67f8bf93 sp=0x0000758c7e3fd7f8 mode 2
Event: 1.085 Thread 0x0000758c780285a0 Uncommon trap: trap_request=0xffffffc6 fr.pc=0x0000758c68518558 relative=0x00000000000002f8
Event: 1.085 Thread 0x0000758c780285a0 Uncommon trap: reason=bimorphic_or_optimized_type_check action=maybe_recompile pc=0x0000758c68518558 method=java.util.HashMap.getNode(Ljava/lang/Object;)Ljava/util/HashMap$Node; @ 128 c2
Event: 1.085 Thread 0x0000758c780285a0 DEOPT PACKING pc=0x0000758c68518558 sp=0x0000758c7e3fd810
Event: 1.085 Thread 0x0000758c780285a0 DEOPT UNPACKING pc=0x0000758c67f8bf93 sp=0x0000758c7e3fd798 mode 2
Event: 1.101 Thread 0x0000758c78097810 Uncommon trap: trap_request=0xffffff45 fr.pc=0x0000758c68517340 relative=0x0000000000000040
Event: 1.101 Thread 0x0000758c78097810 Uncommon trap: reason=unstable_if action=reinterpret pc=0x0000758c68517340 method=java.util.concurrent.locks.AbstractQueuedSynchronizer.signalNext(Ljava/util/concurrent/locks/AbstractQueuedSynchronizer$Node;)V @ 1 c2
Event: 1.101 Thread 0x0000758c78097810 DEOPT PACKING pc=0x0000758c68517340 sp=0x0000758c7cbf6800
Event: 1.101 Thread 0x0000758c78097810 DEOPT UNPACKING pc=0x0000758c67f8bf93 sp=0x0000758c7cbf67b0 mode 2

Classes loaded (20 events):
Event: 1.064 Loading class sun/nio/fs/UnixDirectoryStream
Event: 1.064 Loading class sun/nio/fs/UnixDirectoryStream done
Event: 1.065 Loading class java/util/concurrent/locks/ReentrantReadWriteLock$FairSync
Event: 1.065 Loading class java/util/concurrent/locks/ReentrantReadWriteLock$FairSync done
Event: 1.065 Loading class sun/nio/fs/UnixDirectoryStream$UnixDirectoryIterator
Event: 1.065 Loading class sun/nio/fs/UnixDirectoryStream$UnixDirectoryIterator done
Event: 1.065 Loading class java/nio/file/Files$2
Event: 1.065 Loading class java/nio/file/Files$2 done
Event: 1.065 Loading class java/util/ImmutableCollections$Access
Event: 1.072 Loading class java/util/ImmutableCollections$Access done
Event: 1.072 Loading class java/util/ImmutableCollections$Access$1
Event: 1.072 Loading class jdk/internal/access/JavaUtilCollectionAccess
Event: 1.072 Loading class jdk/internal/access/JavaUtilCollectionAccess done
Event: 1.072 Loading class java/util/ImmutableCollections$Access$1 done
Event: 1.073 Loading class java/util/stream/Nodes$SpinedNodeBuilder
Event: 1.081 Loading class java/util/stream/Nodes$SpinedNodeBuilder done
Event: 1.082 Loading class sun/nio/fs/UnixException
Event: 1.082 Loading class sun/nio/fs/UnixException done
Event: 1.084 Loading class java/nio/file/FileTreeWalker$1
Event: 1.084 Loading class java/nio/file/FileTreeWalker$1 done

Classes unloaded (0 events):
No events

Classes redefined (0 events):
No events

Internal exceptions (13 events):
Event: 0.165 Thread 0x0000758c780285a0 Implicit null exception at 0x0000758c684da2e3 to 0x0000758c684da3d0
Event: 0.210 Thread 0x0000758c780285a0 Exception <a 'java/lang/NoSuchMethodError'{0x00000000e1caa8a0}: 'void java.lang.invoke.DirectMethodHandle$Holder.invokeSpecial(java.lang.Object, java.lang.Object, java.lang.Object)'> (0x00000000e1caa8a0) 
thrown [open/src/hotspot/share/interpreter/linkResolver.cpp, line 772]
Event: 0.249 Thread 0x0000758c780285a0 Exception <a 'java/lang/NoSuchMethodError'{0x00000000e1cf4988}: 'java.lang.Object java.lang.invoke.DirectMethodHandle$Holder.invokeVirtual(java.lang.Object, java.lang.Object, java.lang.Object)'> (0x00000000e1cf4988) 
thrown [open/src/hotspot/share/interpreter/linkResolver.cpp, line 772]
Event: 0.251 Thread 0x0000758c780285a0 Exception <a 'java/lang/NoSuchMethodError'{0x00000000e1cfdcd8}: 'int java.lang.invoke.DirectMethodHandle$Holder.invokeInterface(java.lang.Object, java.lang.Object)'> (0x00000000e1cfdcd8) 
thrown [open/src/hotspot/share/interpreter/linkResolver.cpp, line 772]
Event: 0.276 Thread 0x0000758c780285a0 Exception <a 'java/lang/NoSuchMethodError'{0x00000000e1b43148}: 'int java.lang.invoke.DirectMethodHandle$Holder.invokeVirtual(java.lang.Object, java.lang.Object, java.lang.Object)'> (0x00000000e1b43148) 
thrown [open/src/hotspot/share/interpreter/linkResolver.cpp, line 772]
Event: 0.277 Thread 0x0000758c780285a0 Exception <a 'java/lang/NoSuchMethodError'{0x00000000e1b48dd8}: 'void java.lang.invoke.DirectMethodHandle$Holder.invokeInterface(java.lang.Object, java.lang.Object, java.lang.Object)'> (0x00000000e1b48dd8) 
thrown [open/src/hotspot/share/interpreter/linkResolver.cpp, line 772]
Event: 0.409 Thread 0x0000758c780285a0 Exception <a 'java/lang/NoSuchMethodError'{0x00000000e1d737e0}: 'int java.lang.invoke.DirectMethodHandle$Holder.invokeStaticInit(java.lang.Object, java.lang.Object)'> (0x00000000e1d737e0) 
thrown [open/src/hotspot/share/interpreter/linkResolver.cpp, line 772]
Event: 0.510 Thread 0x0000758c780285a0 Exception <a 'java/lang/NoSuchMethodError'{0x00000000e1c2ce38}: 'int java.lang.invoke.DirectMethodHandle$Holder.invokeVirtual(java.lang.Object, java.lang.Object)'> (0x00000000e1c2ce38) 
thrown [open/src/hotspot/share/interpreter/linkResolver.cpp, line 772]
Event: 0.517 Thread 0x0000758c780285a0 Exception <a 'java/lang/NoSuchMethodError'{0x00000000e1c4eef8}: 'java.lang.Object java.lang.invoke.DirectMethodHandle$Holder.newInvokeSpecial(java.lang.Object, java.lang.Object, java.lang.Object, java.lang.Object, java.lang.Object)'> (0x00000000e1c4eef8) 
thrown [open/src/hotspot/share/interpreter/linkResolver.cpp, line 772]
Event: 0.521 Thread 0x0000758c780285a0 Exception <a 'java/lang/NoSuchMethodError'{0x00000000e1c5c3e8}: 'java.lang.Object java.lang.invoke.DirectMethodHandle$Holder.newInvokeSpecial(java.lang.Object, java.lang.Object, java.lang.Object, java.lang.Object, java.lang.Object, java.lang.Object)'> (0x00000000e1c5c3e8) 
thrown [open/src/hotspot/share/interpreter/linkResolver.cpp, line 772]
Event: 0.665 Thread 0x0000758c780285a0 Exception <a 'java/lang/NoSuchMethodError'{0x00000000e1dcf638}: 'java.lang.Object java.lang.invoke.DirectMethodHandle$Holder.invokeSpecial(java.lang.Object, java.lang.Object, java.lang.Object, int, int)'> (0x00000000e1dcf638) 
thrown [open/src/hotspot/share/interpreter/linkResolver.cpp, line 772]
Event: 0.668 Thread 0x0000758c780285a0 Exception <a 'java/lang/NoSuchMethodError'{0x00000000e1dd9c20}: 'java.lang.Object java.lang.invoke.DirectMethodHandle$Holder.invokeVirtual(java.lang.Object, java.lang.Object, int)'> (0x00000000e1dd9c20) 
thrown [open/src/hotspot/share/interpreter/linkResolver.cpp, line 772]
Event: 1.058 Thread 0x0000758c780285a0 Exception <a 'java/lang/NoSuchMethodError'{0x00000000e1cd11d8}: 'void java.lang.invoke.DirectMethodHandle$Holder.invokeStatic(java.lang.Object, java.lang.Object)'> (0x00000000e1cd11d8) 
thrown [open/src/hotspot/share/interpreter/linkResolver.cpp, line 772]

ZGC Phase Switch (0 events):
No events

VM Operations (20 events):
Event: 0.603 Executing VM operation: G1CollectForAllocation (G1 Evacuation Pause)
Event: 0.608 Executing VM operation: G1CollectForAllocation (G1 Evacuation Pause) done
Event: 0.610 Executing VM operation: HandshakeAllThreads (Deoptimize)
Event: 0.610 Executing VM operation: HandshakeAllThreads (Deoptimize) done
Event: 0.616 Executing VM operation: HandshakeAllThreads (Deoptimize)
Event: 0.616 Executing VM operation: HandshakeAllThreads (Deoptimize) done
Event: 0.678 Executing VM operation: G1CollectForAllocation (G1 Evacuation Pause)
Event: 0.684 Executing VM operation: G1CollectForAllocation (G1 Evacuation Pause) done
Event: 0.736 Executing VM operation: G1CollectForAllocation (G1 Evacuation Pause)
Event: 0.740 Executing VM operation: G1CollectForAllocation (G1 Evacuation Pause) done
Event: 0.760 Executing VM operation: G1PauseRemark
Event: 0.766 Executing VM operation: G1PauseRemark done
Event: 0.770 Executing VM operation: G1PauseCleanup
Event: 0.770 Executing VM operation: G1PauseCleanup done
Event: 1.096 Executing VM operation: G1CollectForAllocation (G1 Evacuation Pause)
Event: 1.101 Executing VM operation: G1CollectForAllocation (G1 Evacuation Pause) done
Event: 1.116 Executing VM operation: G1CollectForAllocation (G1 Evacuation Pause)
Event: 1.121 Executing VM operation: G1CollectForAllocation (G1 Evacuation Pause) done
Event: 1.184 Executing VM operation: G1CollectForAllocation (G1 Evacuation Pause)
Event: 1.186 Executing VM operation: G1CollectForAllocation (G1 Evacuation Pause) done

Events (20 events):
Event: 0.004 Protecting memory [0x0000758c7e300000,0x0000758c7e304000] with protection modes 0
Event: 0.033 Thread 0x0000758c780285a0 Thread added: 0x0000758c780285a0
Event: 0.048 Thread 0x0000758c78097810 Thread added: 0x0000758c78097810
Event: 0.048 Protecting memory [0x0000758c7caf8000,0x0000758c7cafc000] with protection modes 0
Event: 0.049 Thread 0x0000758c78098d70 Thread added: 0x0000758c78098d70
Event: 0.049 Protecting memory [0x0000758c7c9f8000,0x0000758c7c9fc000] with protection modes 0
Event: 0.050 Thread 0x0000758c7809a4f0 Thread added: 0x0000758c7809a4f0
Event: 0.050 Protecting memory [0x0000758c7c8f8000,0x0000758c7c8fc000] with protection modes 0
Event: 0.051 Thread 0x0000758c7809bb20 Thread added: 0x0000758c7809bb20
Event: 0.051 Protecting memory [0x0000758c7c7f8000,0x0000758c7c7fc000] with protection modes 0
Event: 0.051 Thread 0x0000758c7809d0b0 Thread added: 0x0000758c7809d0b0
Event: 0.051 Protecting memory [0x0000758c7c6f8000,0x0000758c7c6fc000] with protection modes 0
Event: 0.051 Thread 0x0000758c7809ebe0 Thread added: 0x0000758c7809ebe0
Event: 0.051 Protecting memory [0x0000758c7c5f8000,0x0000758c7c5fc000] with protection modes 0
Event: 0.051 Thread 0x0000758c780a0290 Thread added: 0x0000758c780a0290
Event: 0.052 Protecting memory [0x0000758c7c4f8000,0x0000758c7c4fc000] with protection modes 0
Event: 0.080 Thread 0x0000758c780e0860 Thread added: 0x0000758c780e0860
Event: 0.080 Protecting memory [0x0000758c7c328000,0x0000758c7c32c000] with protection modes 0
Event: 0.110 Thread 0x0000758c78113c50 Thread added: 0x0000758c78113c50
Event: 0.110 Protecting memory [0x0000758c7c228000,0x0000758c7c22c000] with protection modes 0


Dynamic libraries:
e1600000-e2100000 rw-p 00000000 00:00 0 
e2100000-ffe00000 ---p 00000000 00:00 0 
ffe00000-fff0e000 rw-p 00ceb000 08:03 5680422                            /usr/lib/jvm/jdk-21.0.8-oracle-x64/lib/server/classes.jsa
fff0e000-100000000 rw-p 00000000 00:00 0 
65437cbe1000-65437cbe2000 r-xp 00000000 08:03 5680132                    /usr/lib/jvm/jdk-21.0.8-oracle-x64/bin/javac
65437cbe3000-65437cbe4000 r--p 00001000 08:03 5680132                    /usr/lib/jvm/jdk-21.0.8-oracle-x64/bin/javac
65437cbe4000-65437cbe5000 rw-p 00002000 08:03 5680132                    /usr/lib/jvm/jdk-21.0.8-oracle-x64/bin/javac
65437fd0e000-65437fd54000 rw-p 00000000 00:00 0                          [heap]
758bc8000000-758bc821b000 rw-p 00000000 00:00 0 
758bc821b000-758bcc000000 ---p 00000000 00:00 0 
758bcc000000-758bcc37d000 rw-p 00000000 00:00 0 
758bcc37d000-758bd0000000 ---p 00000000 00:00 0 
758bd4000000-758bd4021000 rw-p 00000000 00:00 0 
758bd4021000-758bd8000000 ---p 00000000 00:00 0 
758bd8000000-758bd8021000 rw-p 00000000 00:00 0 
758bd8021000-758bdc000000 ---p 00000000 00:00 0 
758be0000000-758be0021000 rw-p 00000000 00:00 0 
758be0021000-758be4000000 ---p 00000000 00:00 0 
758be4000000-758be4021000 rw-p 00000000 00:00 0 
758be4021000-758be8000000 ---p 00000000 00:00 0 
758bec000000-758bec021000 rw-p 00000000 00:00 0 
758bec021000-758bf0000000 ---p 00000000 00:00 0 
758bf0000000-758bf0021000 rw-p 00000000 00:00 0 
758bf0021000-758bf4000000 ---p 00000000 00:00 0 
758bf8000000-758bf81f0000 rw-p 00000000 00:00 0 
758bf81f0000-758bf8400000 ---p 00000000 00:00 0 
758bf8400000-758bf89f0000 rw-p 00000000 00:00 0 
758bf89f0000-758bfc000000 ---p 00000000 00:00 0 
758bfc000000-758bfc021000 rw-p 00000000 00:00 0 
758bfc021000-758c00000000 ---p 00000000 00:00 0 
758c03000000-758c03cab000 rw-p 00001000 08:03 5680422                    /usr/lib/jvm/jdk-21.0.8-oracle-x64/lib/server/classes.jsa
758c03cab000-758c04000000 ---p 00000000 00:00 0 
758c04000000-758c04030000 rw-p 00000000 00:00 0 
758c04030000-758c04070000 rw-p 00000000 00:00 0 
758c04070000-758c04080000 ---p 00000000 00:00 0 
758c04080000-758c04120000 rw-p 00000000 00:00 0 
758c04120000-758c44000000 ---p 00000000 00:00 0 
758c44000000-758c44021000 rw-p 00000000 00:00 0 
758c44021000-758c48000000 ---p 00000000 00:00 0 
758c48000000-758c48021000 rw-p 00000000 00:00 0 
758c48021000-758c4c000000 ---p 00000000 00:00 0 
758c50000000-758c50021000 rw-p 00000000 00:00 0 
758c50021000-758c54000000 ---p 00000000 00:00 0 
758c54000000-758c54021000 rw-p 00000000 00:00 0 
758c54021000-758c58000000 ---p 00000000 00:00 0 
758c59400000-758c59ee9000 r--p 00000000 08:03 5648444                    /usr/lib/locale/locale-archive
758c5a000000-758c5c021000 rw-p 00000000 00:00 0 
758c5c021000-758c60000000 ---p 00000000 00:00 0 
758c60400000-758c606be000 rw-p 00000000 00:00 0 
758c6088c000-758c60a00000 rw-p 00000000 00:00 0 
758c60a00000-758c60c70000 rwxp 00000000 00:00 0 
758c60c70000-758c67f38000 ---p 00000000 00:00 0 
758c67f38000-758c681a8000 rwxp 00000000 00:00 0 
758c681a8000-758c684c7000 ---p 00000000 00:00 0 
758c684c7000-758c68737000 rwxp 00000000 00:00 0 
758c68737000-758c6fa00000 ---p 00000000 00:00 0 
758c6fa00000-758c77f08000 r--s 00000000 08:03 5680413                    /usr/lib/jvm/jdk-21.0.8-oracle-x64/lib/modules
758c78000000-758c784f9000 rw-p 00000000 00:00 0 
758c784f9000-758c7c000000 ---p 00000000 00:00 0 
758c7c127000-758c7c128000 ---p 00000000 00:00 0 
758c7c128000-758c7c228000 rw-p 00000000 00:00 0 
758c7c228000-758c7c22c000 ---p 00000000 00:00 0 
758c7c22c000-758c7c328000 rw-p 00000000 00:00 0 
758c7c328000-758c7c32c000 ---p 00000000 00:00 0 
758c7c32c000-758c7c428000 rw-p 00000000 00:00 0 
758c7c428000-758c7c4f6000 r-xp 00000000 08:03 5680396                    /usr/lib/jvm/jdk-21.0.8-oracle-x64/lib/libjsvml.so
758c7c4f6000-758c7c4f7000 r--p 000cd000 08:03 5680396                    /usr/lib/jvm/jdk-21.0.8-oracle-x64/lib/libjsvml.so
758c7c4f7000-758c7c4f8000 rw-p 000ce000 08:03 5680396                    /usr/lib/jvm/jdk-21.0.8-oracle-x64/lib/libjsvml.so
758c7c4f8000-758c7c4fc000 ---p 00000000 00:00 0 
758c7c4fc000-758c7c5f8000 rw-p 00000000 00:00 0 
758c7c5f8000-758c7c5fc000 ---p 00000000 00:00 0 
758c7c5fc000-758c7c6f8000 rw-p 00000000 00:00 0 
758c7c6f8000-758c7c6fc000 ---p 00000000 00:00 0 
758c7c6fc000-758c7c7f8000 rw-p 00000000 00:00 0 
758c7c7f8000-758c7c7fc000 ---p 00000000 00:00 0 
758c7c7fc000-758c7c8f8000 rw-p 00000000 00:00 0 
758c7c8f8000-758c7c8fc000 ---p 00000000 00:00 0 
758c7c8fc000-758c7c9f8000 rw-p 00000000 00:00 0 
758c7c9f8000-758c7c9fc000 ---p 00000000 00:00 0 
758c7c9fc000-758c7caf8000 rw-p 00000000 00:00 0 
758c7caf8000-758c7cafc000 ---p 00000000 00:00 0 
758c7cafc000-758c7cbf8000 rw-p 00000000 00:00 0 
758c7cbf8000-758c7cbf9000 ---p 00000000 00:00 0 
758c7cbf9000-758c7ccf9000 rw-p 00000000 00:00 0 
758c7ccf9000-758c7ccfa000 ---p 00000000 00:00 0 
758c7ccfa000-758c7cdfa000 rw-p 00000000 00:00 0 
758c7cdfa000-758c7cdfb000 ---p 00000000 00:00 0 
758c7cdfb000-758c7cefb000 rw-p 00000000 00:00 0 
758c7cefb000-758c7cefc000 ---p 00000000 00:00 0 
758c7cefc000-758c7cffc000 rw-p 00000000 00:00 0 
758c7cffc000-758c7d1fe000 rw-p 00000000 00:00 0 
758c7d1fe000-758c7d1ff000 ---p 00000000 00:00 0 
758c7d1ff000-758c7d2ff000 rw-p 00000000 00:00 0 
758c7d2ff000-758c7d300000 ---p 00000000 00:00 0 
758c7d300000-758c7d400000 rw-p 00000000 00:00 0 
758c7d400000-758c7d42c000 rw-p 00000000 00:00 0 
758c7d42c000-758c7dba0000 ---p 00000000 00:00 0 
758c7dba0000-758c7dba8000 rw-p 00000000 00:00 0 
758c7dbbc000-758c7dc3d000 rw-p 00000000 00:00 0 
758c7dc3d000-758c7dc3e000 ---p 00000000 00:00 0 
758c7dc3e000-758c7dd3e000 rw-p 00000000 00:00 0 
758c7dd3e000-758c7dd44000 rw-p 00000000 00:00 0 
758c7dd44000-758c7de32000 ---p 00000000 00:00 0 
758c7de32000-758c7de39000 rw-p 00000000 00:00 0 
758c7de39000-758c7df27000 ---p 00000000 00:00 0 
758c7df27000-758c7e12f000 rw-p 00000000 00:00 0 
758c7e12f000-758c7e215000 ---p 00000000 00:00 0 
758c7e215000-758c7e21a000 rw-p 00000000 00:00 0 
758c7e21a000-758c7e300000 ---p 00000000 00:00 0 
758c7e300000-758c7e304000 ---p 00000000 00:00 0 
758c7e304000-758c7e400000 rw-p 00000000 00:00 0 
758c7e400000-758c7f71d000 r-xp 00000000 08:03 5680425                    /usr/lib/jvm/jdk-21.0.8-oracle-x64/lib/server/libjvm.so
758c7f71d000-758c7f71e000 ---p 0131d000 08:03 5680425                    /usr/lib/jvm/jdk-21.0.8-oracle-x64/lib/server/libjvm.so
758c7f71e000-758c7f7ef000 r--p 0131d000 08:03 5680425                    /usr/lib/jvm/jdk-21.0.8-oracle-x64/lib/server/libjvm.so
758c7f7ef000-758c7f81d000 rw-p 013ee000 08:03 5680425                    /usr/lib/jvm/jdk-21.0.8-oracle-x64/lib/server/libjvm.so
758c7f81d000-758c7f883000 rw-p 00000000 00:00 0 
758c7f8b2000-758c7f8b9000 r-xp 00000000 08:03 5680412                    /usr/lib/jvm/jdk-21.0.8-oracle-x64/lib/libzip.so
758c7f8b9000-758c7f8ba000 ---p 00007000 08:03 5680412                    /usr/lib/jvm/jdk-21.0.8-oracle-x64/lib/libzip.so
758c7f8ba000-758c7f8bb000 r--p 00007000 08:03 5680412                    /usr/lib/jvm/jdk-21.0.8-oracle-x64/lib/libzip.so
758c7f8bb000-758c7f8bc000 rw-p 00008000 08:03 5680412                    /usr/lib/jvm/jdk-21.0.8-oracle-x64/lib/libzip.so
758c7f8bc000-758c7f917000 rw-p 00000000 00:00 0 
758c7f917000-758c7f927000 r--p 00000000 08:03 5650078                    /usr/lib/x86_64-linux-gnu/libm.so.6
758c7f927000-758c7f9a6000 r-xp 00010000 08:03 5650078                    /usr/lib/x86_64-linux-gnu/libm.so.6
758c7f9a6000-758c7f9fe000 r--p 0008f000 08:03 5650078                    /usr/lib/x86_64-linux-gnu/libm.so.6
758c7f9fe000-758c7f9ff000 r--p 000e7000 08:03 5650078                    /usr/lib/x86_64-linux-gnu/libm.so.6
758c7f9ff000-758c7fa00000 rw-p 000e8000 08:03 5650078                    /usr/lib/x86_64-linux-gnu/libm.so.6
758c7fa00000-758c7fa28000 r--p 00000000 08:03 5649325                    /usr/lib/x86_64-linux-gnu/libc.so.6
758c7fa28000-758c7fbb0000 r-xp 00028000 08:03 5649325                    /usr/lib/x86_64-linux-gnu/libc.so.6
758c7fbb0000-758c7fbff000 r--p 001b0000 08:03 5649325                    /usr/lib/x86_64-linux-gnu/libc.so.6
758c7fbff000-758c7fc03000 r--p 001fe000 08:03 5649325                    /usr/lib/x86_64-linux-gnu/libc.so.6
758c7fc03000-758c7fc05000 rw-p 00202000 08:03 5649325                    /usr/lib/x86_64-linux-gnu/libc.so.6
758c7fc05000-758c7fc12000 rw-p 00000000 00:00 0 
758c7fc17000-758c7fc22000 r-xp 00000000 08:03 5680403                    /usr/lib/jvm/jdk-21.0.8-oracle-x64/lib/libnet.so
758c7fc22000-758c7fc23000 ---p 0000b000 08:03 5680403                    /usr/lib/jvm/jdk-21.0.8-oracle-x64/lib/libnet.so
758c7fc23000-758c7fc24000 r--p 0000b000 08:03 5680403                    /usr/lib/jvm/jdk-21.0.8-oracle-x64/lib/libnet.so
758c7fc24000-758c7fc25000 rw-p 0000c000 08:03 5680403                    /usr/lib/jvm/jdk-21.0.8-oracle-x64/lib/libnet.so
758c7fc25000-758c7fc38000 r-xp 00000000 08:03 5680404                    /usr/lib/jvm/jdk-21.0.8-oracle-x64/lib/libnio.so
758c7fc38000-758c7fc39000 ---p 00013000 08:03 5680404                    /usr/lib/jvm/jdk-21.0.8-oracle-x64/lib/libnio.so
758c7fc39000-758c7fc3a000 r--p 00013000 08:03 5680404                    /usr/lib/jvm/jdk-21.0.8-oracle-x64/lib/libnio.so
758c7fc3a000-758c7fc3b000 rw-p 00014000 08:03 5680404                    /usr/lib/jvm/jdk-21.0.8-oracle-x64/lib/libnio.so
758c7fc3b000-758c7fc92000 rw-p 00000000 00:00 0 
758c7fc92000-758c7fc99000 ---p 00000000 00:00 0 
758c7fc99000-758c7fcb9000 r-xp 00000000 08:03 5680388                    /usr/lib/jvm/jdk-21.0.8-oracle-x64/lib/libjava.so
758c7fcb9000-758c7fcba000 ---p 00020000 08:03 5680388                    /usr/lib/jvm/jdk-21.0.8-oracle-x64/lib/libjava.so
758c7fcba000-758c7fcbb000 r--p 00020000 08:03 5680388                    /usr/lib/jvm/jdk-21.0.8-oracle-x64/lib/libjava.so
758c7fcbb000-758c7fcbc000 rw-p 00021000 08:03 5680388                    /usr/lib/jvm/jdk-21.0.8-oracle-x64/lib/libjava.so
758c7fcbc000-758c7fcbd000 rw-p 00000000 00:00 0 
758c7fcbd000-758c7fcdb000 r-xp 00000000 08:03 5680392                    /usr/lib/jvm/jdk-21.0.8-oracle-x64/lib/libjimage.so
758c7fcdb000-758c7fcdd000 r--p 0001d000 08:03 5680392                    /usr/lib/jvm/jdk-21.0.8-oracle-x64/lib/libjimage.so
758c7fcdd000-758c7fcde000 rw-p 0001f000 08:03 5680392                    /usr/lib/jvm/jdk-21.0.8-oracle-x64/lib/libjimage.so
758c7fcde000-758c7fcdf000 r--p 00000000 08:03 5650443                    /usr/lib/x86_64-linux-gnu/librt.so.1
758c7fcdf000-758c7fce0000 r-xp 00001000 08:03 5650443                    /usr/lib/x86_64-linux-gnu/librt.so.1
758c7fce0000-758c7fce1000 r--p 00002000 08:03 5650443                    /usr/lib/x86_64-linux-gnu/librt.so.1
758c7fce1000-758c7fce2000 r--p 00002000 08:03 5650443                    /usr/lib/x86_64-linux-gnu/librt.so.1
758c7fce2000-758c7fce3000 rw-p 00003000 08:03 5650443                    /usr/lib/x86_64-linux-gnu/librt.so.1
758c7fce3000-758c7fce7000 rw-p 00000000 00:00 0 
758c7fce7000-758c7fce8000 r--p 00000000 08:03 5649500                    /usr/lib/x86_64-linux-gnu/libdl.so.2
758c7fce8000-758c7fce9000 r-xp 00001000 08:03 5649500                    /usr/lib/x86_64-linux-gnu/libdl.so.2
758c7fce9000-758c7fcea000 r--p 00002000 08:03 5649500                    /usr/lib/x86_64-linux-gnu/libdl.so.2
758c7fcea000-758c7fceb000 r--p 00002000 08:03 5649500                    /usr/lib/x86_64-linux-gnu/libdl.so.2
758c7fceb000-758c7fcec000 rw-p 00003000 08:03 5649500                    /usr/lib/x86_64-linux-gnu/libdl.so.2
758c7fcec000-758c7fced000 r--p 00000000 08:03 5650375                    /usr/lib/x86_64-linux-gnu/libpthread.so.0
758c7fced000-758c7fcee000 r-xp 00001000 08:03 5650375                    /usr/lib/x86_64-linux-gnu/libpthread.so.0
758c7fcee000-758c7fcef000 r--p 00002000 08:03 5650375                    /usr/lib/x86_64-linux-gnu/libpthread.so.0
758c7fcef000-758c7fcf0000 r--p 00002000 08:03 5650375                    /usr/lib/x86_64-linux-gnu/libpthread.so.0
758c7fcf0000-758c7fcf1000 rw-p 00003000 08:03 5650375                    /usr/lib/x86_64-linux-gnu/libpthread.so.0
758c7fcf1000-758c7fcff000 r-xp 00000000 08:03 5680393                    /usr/lib/jvm/jdk-21.0.8-oracle-x64/lib/libjli.so
758c7fcff000-758c7fd00000 ---p 0000e000 08:03 5680393                    /usr/lib/jvm/jdk-21.0.8-oracle-x64/lib/libjli.so
758c7fd00000-758c7fd01000 r--p 0000e000 08:03 5680393                    /usr/lib/jvm/jdk-21.0.8-oracle-x64/lib/libjli.so
758c7fd01000-758c7fd02000 rw-p 0000f000 08:03 5680393                    /usr/lib/jvm/jdk-21.0.8-oracle-x64/lib/libjli.so
758c7fd02000-758c7fd04000 r--p 00000000 08:03 5650898                    /usr/lib/x86_64-linux-gnu/libz.so.1.3
758c7fd04000-758c7fd16000 r-xp 00002000 08:03 5650898                    /usr/lib/x86_64-linux-gnu/libz.so.1.3
758c7fd16000-758c7fd1c000 r--p 00014000 08:03 5650898                    /usr/lib/x86_64-linux-gnu/libz.so.1.3
758c7fd1c000-758c7fd1d000 r--p 0001a000 08:03 5650898                    /usr/lib/x86_64-linux-gnu/libz.so.1.3
758c7fd1d000-758c7fd1e000 rw-p 0001b000 08:03 5650898                    /usr/lib/x86_64-linux-gnu/libz.so.1.3
758c7fd1f000-758c7fd26000 r--s 00000000 08:03 5787523                    /usr/lib/x86_64-linux-gnu/gconv/gconv-modules.cache
758c7fd26000-758c7fd2e000 rw-s 00000000 08:03 1838424                    /tmp/hsperfdata_johncarlo/2141
758c7fd2e000-758c7fd2f000 ---p 00000000 00:00 0 
758c7fd2f000-758c7fd30000 r--p 00000000 00:00 0 
758c7fd30000-758c7fd31000 ---p 00000000 00:00 0 
758c7fd31000-758c7fd33000 rw-p 00000000 00:00 0 
758c7fd33000-758c7fd34000 r--p 00000000 08:03 5648895                    /usr/lib/x86_64-linux-gnu/ld-linux-x86-64.so.2
758c7fd34000-758c7fd5f000 r-xp 00001000 08:03 5648895                    /usr/lib/x86_64-linux-gnu/ld-linux-x86-64.so.2
758c7fd5f000-758c7fd69000 r--p 0002c000 08:03 5648895                    /usr/lib/x86_64-linux-gnu/ld-linux-x86-64.so.2
758c7fd69000-758c7fd6b000 r--p 00036000 08:03 5648895                    /usr/lib/x86_64-linux-gnu/ld-linux-x86-64.so.2
758c7fd6b000-758c7fd6d000 rw-p 00038000 08:03 5648895                    /usr/lib/x86_64-linux-gnu/ld-linux-x86-64.so.2
7ffe70850000-7ffe70871000 rw-p 00000000 00:00 0                          [stack]
7ffe708f8000-7ffe708fc000 r--p 00000000 00:00 0                          [vvar]
7ffe708fc000-7ffe708fe000 r-xp 00000000 00:00 0                          [vdso]
ffffffffff600000-ffffffffff601000 --xp 00000000 00:00 0                  [vsyscall]
Total number of mappings: 190


VM Arguments:
jvm_args: -Dapplication.home=/usr/lib/jvm/jdk-21.0.8-oracle-x64 --add-modules=ALL-DEFAULT -Xms8m -Djdk.module.main=jdk.compiler 
java_command: jdk.compiler/com.sun.tools.javac.Main -cp .:/home/johncarlo/jdbc/sql_driver/mysql-connector-j-9.6.0.jar main.java
java_class_path (initial): <not set>
Launcher Type: SUN_STANDARD

[Global flags]
     intx CICompilerCount                          = 2                                         {product} {ergonomic}
     uint ConcGCThreads                            = 1                                         {product} {ergonomic}
     uint G1ConcRefinementThreads                  = 2                                         {product} {ergonomic}
   size_t G1HeapRegionSize                         = 1048576                                   {product} {ergonomic}
    uintx GCDrainStackTargetSize                   = 64                                        {product} {ergonomic}
   size_t InitialHeapSize                          = 8388608                                   {product} {command line}
   size_t MarkStackSize                            = 4194304                                   {product} {ergonomic}
   size_t MaxHeapSize                              = 513802240                                 {product} {ergonomic}
   size_t MaxNewSize                               = 308281344                                 {product} {ergonomic}
   size_t MinHeapDeltaBytes                        = 1048576                                   {product} {ergonomic}
   size_t MinHeapSize                              = 8388608                                   {product} {command line}
    uintx NonNMethodCodeHeapSize                   = 5826188                                {pd product} {ergonomic}
    uintx NonProfiledCodeHeapSize                  = 122916026                              {pd product} {ergonomic}
    uintx ProfiledCodeHeapSize                     = 122916026                              {pd product} {ergonomic}
    uintx ReservedCodeCacheSize                    = 251658240                              {pd product} {ergonomic}
     bool SegmentedCodeCache                       = true                                      {product} {ergonomic}
   size_t SoftMaxHeapSize                          = 513802240                              {manageable} {ergonomic}
     bool UseCompressedOops                        = true                           {product lp64_product} {ergonomic}
     bool UseG1GC                                  = true                                      {product} {ergonomic}

Logging:
Log output configuration:
 #0: stdout all=warning uptime,level,tags foldmultilines=false
 #1: stderr all=off uptime,level,tags foldmultilines=false

Environment Variables:
PATH=/usr/local/sbin:/usr/local/bin:/usr/sbin:/usr/bin:/sbin:/bin:/usr/games:/usr/local/games:/snap/bin
SHELL=/bin/bash
DISPLAY=:0.0
LANG=en_PH.UTF-8

Active Locale:
LC_ALL=en_PH.UTF-8
LC_COLLATE=en_PH.UTF-8
LC_CTYPE=en_PH.UTF-8
LC_MESSAGES=en_PH.UTF-8
LC_MONETARY=en_PH.UTF-8
LC_NUMERIC=en_PH.UTF-8
LC_TIME=en_PH.UTF-8

Signal Handlers:
   SIGSEGV: crash_handler in libjvm.so, mask=11100100010111111101111111111110, flags=SA_RESTART|SA_SIGINFO, unblocked
    SIGBUS: crash_handler in libjvm.so, mask=11100100010111111101111111111110, flags=SA_RESTART|SA_SIGINFO, unblocked
    SIGFPE: crash_handler in libjvm.so, mask=11100100010111111101111111111110, flags=SA_RESTART|SA_SIGINFO, unblocked
   SIGPIPE: javaSignalHandler in libjvm.so, mask=11100100010111111101111111111110, flags=SA_RESTART|SA_SIGINFO, blocked
   SIGXFSZ: javaSignalHandler in libjvm.so, mask=11100100010111111101111111111110, flags=SA_RESTART|SA_SIGINFO, blocked
    SIGILL: crash_handler in libjvm.so, mask=11100100010111111101111111111110, flags=SA_RESTART|SA_SIGINFO, unblocked
   SIGUSR2: SR_handler in libjvm.so, mask=00000000000000000000000000000000, flags=SA_RESTART|SA_SIGINFO, blocked
    SIGHUP: UserHandler in libjvm.so, mask=11100100010111111101111111111110, flags=SA_RESTART|SA_SIGINFO, blocked
    SIGINT: UserHandler in libjvm.so, mask=11100100010111111101111111111110, flags=SA_RESTART|SA_SIGINFO, blocked
   SIGTERM: UserHandler in libjvm.so, mask=11100100010111111101111111111110, flags=SA_RESTART|SA_SIGINFO, blocked
   SIGQUIT: UserHandler in libjvm.so, mask=11100100010111111101111111111110, flags=SA_RESTART|SA_SIGINFO, blocked
   SIGTRAP: crash_handler in libjvm.so, mask=11100100010111111101111111111110, flags=SA_RESTART|SA_SIGINFO, unblocked


Periodic native trim disabled

---------------  S Y S T E M  ---------------

OS:
DISTRIB_ID=LinuxMint
DISTRIB_RELEASE=22.1
DISTRIB_CODENAME=xia
DISTRIB_DESCRIPTION="Linux Mint 22.1 Xia"
uname: Linux 6.8.0-51-generic #52-Ubuntu SMP PREEMPT_DYNAMIC Thu Dec  5 13:09:44 UTC 2024 x86_64
OS uptime: 0 days 0:11 hours
libc: glibc 2.39 NPTL 2.39 
rlimit (soft/hard): STACK 8192k/infinity , CORE 0k/infinity , NPROC 7524/7524 , NOFILE 1048576/1048576 , AS infinity/infinity , CPU infinity/infinity , DATA infinity/infinity , FSIZE infinity/infinity , MEMLOCK 250596k/250596k
load average: 0.34 0.84 0.83

/proc/meminfo:
MemTotal:        2004780 kB
MemFree:           78552 kB
MemAvailable:     702108 kB
Buffers:           23540 kB
Cached:           830656 kB
SwapCached:            0 kB
Active:           694560 kB
Inactive:         943860 kB
Active(anon):     530472 kB
Inactive(anon):   369544 kB
Active(file):     164088 kB
Inactive(file):   574316 kB
Unevictable:      112280 kB
Mlocked:             112 kB
SwapTotal:       4001788 kB
SwapFree:        4001520 kB
Zswap:                 0 kB
Zswapped:              0 kB
Dirty:               236 kB
Writeback:             0 kB
AnonPages:        896628 kB
Mapped:           295872 kB
Shmem:            115668 kB
KReclaimable:      33252 kB
Slab:             108684 kB
SReclaimable:      33252 kB
SUnreclaim:        75432 kB
KernelStack:        7600 kB
PageTables:        16724 kB
SecPageTables:         0 kB
NFS_Unstable:          0 kB
Bounce:                0 kB
WritebackTmp:          0 kB
CommitLimit:     5004176 kB
Committed_AS:    4063560 kB
VmallocTotal:   34359738367 kB
VmallocUsed:       26416 kB
VmallocChunk:          0 kB
Percpu:             2528 kB
HardwareCorrupted:     0 kB
AnonHugePages:         0 kB
ShmemHugePages:        0 kB
ShmemPmdMapped:        0 kB
FileHugePages:         0 kB
FilePmdMapped:         0 kB
Unaccepted:            0 kB
HugePages_Total:       0
HugePages_Free:        0
HugePages_Rsvd:        0
HugePages_Surp:        0
Hugepagesize:       2048 kB
Hugetlb:               0 kB
DirectMap4k:      119360 kB
DirectMap2M:     1968128 kB

/sys/kernel/mm/transparent_hugepage/enabled: always [madvise] never
/sys/kernel/mm/transparent_hugepage/defrag (defrag/compaction efforts parameter): always defer defer+madvise [madvise] never

Process Memory:
Virtual Size: 3107392K (peak: 3107468K)
Resident Set Size: 83316K (peak: 83316K) (anon: 51576K, file: 31740K, shmem: 0K)
Swapped out: 0K
C-Heap outstanding allocations: 18926K, retained: 3321K
glibc malloc tunables: (default)

/proc/sys/kernel/threads-max (system-wide limit on the number of threads): 15049
/proc/sys/vm/max_map_count (maximum number of memory map areas a process may have): 1048576
/proc/sys/kernel/pid_max (system-wide limit on number of process identifiers): 4194304

container (cgroup) information:
container_type: cgroupv2
cpu_cpuset_cpus: not supported
cpu_memory_nodes: not supported
active_processor_count: 2
cpu_quota: no quota
cpu_period: 100000
cpu_shares: no shares
memory_limit_in_bytes: unlimited
memory_and_swap_limit_in_bytes: unlimited
memory_soft_limit_in_bytes: 0
memory_usage_in_bytes: 797428 k
memory_max_usage_in_bytes: not supported
memory_swap_current_in_bytes: 0
memory_swap_max_limit_in_bytes: unlimited
maximum number of tasks: unlimited
current number of tasks: 147

Steal ticks since vm start: 0
Steal ticks percentage since vm start:  0.000

CPU: total 4 (initial active 2) (2 cores per cpu, 1 threads per core) family 6 model 23 stepping 10 microcode 0xa0b, cx8, cmov, fxsr, mmx, sse, sse2, sse3, ssse3, sse4.1, tsc, clflush
CPU Model and flags from /proc/cpuinfo:
model name	: Intel(R) Core(TM)2 Duo CPU     E7500  @ 2.93GHz
flags		: fpu vme de pse tsc msr pae mce cx8 apic sep mtrr pge mca cmov pat pse36 clflush dts acpi mmx fxsr sse sse2 ht tm pbe syscall nx lm constant_tsc arch_perfmon pebs bts rep_good nopl cpuid aperfmperf pni dtes64 monitor ds_cpl vmx est tm2 ssse3 cx16 xtpr pdcm sse4_1 xsave lahf_lm pti tpr_shadow flexpriority vpid dtherm vnmi

Online cpus: 0-1
Offline cpus: 2-3
BIOS frequency limitation: 2926000
Frequency switch latency (ns): 10000
Available cpu frequencies: 2926000 2128000 1596000 
Current governor: schedutil
Core performance/turbo boost: <Not Available>

Memory: 4k page, physical 2004780k(702192k free), swap 4001788k(4001520k free)
Page Sizes: 4k

vm_info: Java HotSpot(TM) 64-Bit Server VM (21.0.8+12-LTS-250) for linux-amd64 JRE (21.0.8+12-LTS-250), built on 2025-06-27T08:11:22Z by "mach5one" with gcc 13.2.0

END.
